{"payload":{"installed_packages":["absl-py==1.4.0","aiofiles==22.1.0","aiosqlite==0.18.0","anyio==3.6.2","appdirs==1.4.4","argon2-cffi-bindings==21.2.0","argon2-cffi==21.3.0","arrow==1.2.3","asgiref==3.6.0","asttokens==2.2.1","async-timeout==4.0.2","attr==0.3.1","attrs==22.2.0","azure-core==1.26.3","azure-storage-blob==12.15.0","babel==2.12.1","backcall==0.2.0","beautifulsoup4==4.11.2","bleach==5.0.1","boto3==1.16.63","boto==2.49.0","botocore==1.19.63","boxing==0.1.4","cachetools==5.3.0","certifi==2022.12.7","cffi==1.15.1","charset-normalizer==2.0.12","clearml==1.9.3","click==8.1.3","colorama==0.4.6","comet-ml==3.32.4","comm==0.1.2","configobj==5.0.8","contourpy==1.0.7","coreapi==2.3.3","coreschema==0.0.4","cryptography==39.0.2","cycler==0.11.0","debugpy==1.6.6","decorator==5.1.1","defusedxml==0.7.1","django-annoying==0.10.6","django-cors-headers==3.6.0","django-debug-toolbar==3.2.1","django-extensions==3.1.0","django-filter==2.4.0","django-model-utils==4.1.1","django-ranged-fileresponse==0.1.2","django-rest-swagger==2.2.0","django-rq==2.5.1","django-storages==1.12.3","django-user-agents==0.4.0","django==3.2.16","djangorestframework==3.13.1","docker-pycreds==0.4.0","drf-dynamic-fields==0.3.0","drf-flex-fields==0.9.5","drf-generators==0.3.0","drf-yasg==1.20.0","dulwich==0.21.3","everett==3.1.0","executing==1.2.0","expiringdict==1.2.2","fastjsonschema==2.16.3","filelock==3.10.0","fonttools==4.39.0","fqdn==1.5.1","furl==2.1.3","gitdb==4.0.10","gitpython==3.1.31","google-api-core==2.10.0","google-auth-oauthlib==0.4.6","google-auth==2.11.0","google-cloud-appengine-logging==1.1.0","google-cloud-audit-log==0.2.0","google-cloud-core==2.3.2","google-cloud-logging==2.7.2","google-cloud-storage==2.5.0","google-crc32c==1.5.0","google-resumable-media==2.3.3","googleapis-common-protos==1.56.4","grpc-google-iam-v1==0.12.3","grpcio-status==1.48.2","grpcio==1.51.3","htmlmin==0.1.12","idna==3.4","inflection==0.5.1","ipykernel==6.21.3","ipython-genutils==0.2.0","ipython==8.11.0","ipywidgets==8.0.4","isodate==0.6.1","isoduration==20.11.0","itypes==1.2.0","jedi==0.18.2","jinja2==3.1.2","jmespath==0.10.0","joblib==1.2.0","json5==0.9.11","jsonpointer==2.3","jsonschema==3.2.0","jupyter-client==8.0.3","jupyter-console==6.6.3","jupyter-core==5.2.0","jupyter-events==0.6.3","jupyter-server-fileid==0.8.0","jupyter-server-terminals==0.4.4","jupyter-server-ydoc==0.6.1","jupyter-server==2.4.0","jupyter-ydoc==0.2.3","jupyter==1.0.0","jupyterlab-pygments==0.2.2","jupyterlab-server==2.20.0","jupyterlab-widgets==3.0.5","jupyterlab==3.6.1","kiwisolver==1.4.4","label-studio-converter==0.0.48rc0","label-studio-tools==0.0.1","label-studio==1.7.1","labelimg==1.8.6","launchdarkly-server-sdk==7.5.0","lockfile==0.12.2","lxml==4.9.2","markdown==3.4.1","markupsafe==2.1.2","matplotlib-inline==0.1.6","matplotlib==3.7.1","mistune==2.0.5","mpmath==1.3.0","nbclassic==0.5.3","nbclient==0.7.2","nbconvert==7.2.9","nbformat==5.7.3","nest-asyncio==1.5.6","networkx==3.0","nltk==3.6.7","notebook-shim==0.2.2","notebook==6.5.3","numpy==1.24.2","oauthlib==3.2.2","openapi-codec==1.3.2","opencv-python==4.7.0.72","ordered-set==4.0.2","orderedmultidict==1.0.1","packaging==23.0","pafy==0.5.5","pandas==1.3.5","pandocfilters==1.5.0","parso==0.8.3","pathlib2==2.3.7.post1","pathtools==0.1.2","pickleshare==0.7.5","pillow==9.3.0","pip==23.0.1","platformdirs==3.1.1","prometheus-client==0.16.0","prompt-toolkit==3.0.38","proto-plus==1.22.2","protobuf==3.20.3","psutil==5.9.4","psycopg2-binary==2.9.1","pure-eval==0.2.2","pyasn1-modules==0.2.8","pyasn1==0.4.8","pycparser==2.21","pydantic==1.8.2","pygments==2.14.0","pyjwt==2.4.0","pyparsing==3.0.9","pyqt5-qt5==5.15.2","pyqt5-sip==12.11.1","pyqt5==5.15.9","pyrfc3339==1.1","pyrsistent==0.19.3","python-box==6.1.0","python-dateutil==2.8.1","python-json-logger==2.0.4","pytz==2019.3","pywin32==305","pywinpty==2.0.10","pyyaml==6.0","pyzmq==25.0.1","qtconsole==5.4.1","qtpy==2.3.0","redis==4.5.1","regex==2022.10.31","requests-oauthlib==1.3.1","requests-toolbelt==0.10.1","requests==2.27.1","rfc3339-validator==0.1.4","rfc3986-validator==0.1.1","rq==1.10.1","rsa==4.9","ruamel.yaml.clib==0.2.7","ruamel.yaml==0.17.21","rules==2.2","s3transfer==0.3.7","scikit-learn==1.2.2","scipy==1.10.1","seaborn==0.12.2","semantic-version==2.10.0","semver==2.13.0","send2trash==1.8.0","sentry-sdk==1.16.0","setproctitle==1.3.2","setuptools==67.6.0","simplejson==3.18.4","six==1.16.0","smmap==5.0.0","sniffio==1.3.0","soupsieve==2.4","sqlparse==0.4.3","stack-data==0.6.2","sympy==1.11.1","tensorboard-data-server==0.7.0","tensorboard-plugin-wit==1.8.1","tensorboard==2.12.0","terminado==0.17.1","thop==0.1.1.post2209072238","threadpoolctl==3.1.0","tinycss2==1.2.1","tomli==2.0.1","torch==2.0.0","torchaudio==2.0.1","torchvision==0.15.1","tornado==6.2","tqdm==4.65.0","traitlets==5.9.0","typing-extensions==4.5.0","ua-parser==0.16.1","ujson==5.7.0","uri-template==1.2.0","uritemplate==4.1.1","urllib3==1.26.15","user-agents==2.2.0","wandb==0.14.0","wcwidth==0.2.6","webcolors==1.12","webencodings==0.5.1","websocket-client==1.3.3","werkzeug==2.2.3","wheel==0.38.4","widgetsnbextension==4.0.5","wrapt==1.15.0","wurlitzer==3.0.3","xmljson==0.2.0","y-py==0.5.9","youtube-dl==2020.12.2","ypy-websocket==0.8.2"],"local_timestamp":1679135024518},"type":"ws_msg"}
{"payload":{"env_details":{"command":["train.py","--data","C:/yolov5-master/data/custom_dataset.yaml","--cfg","C:/yolov5-master/models/yolov5x.yaml","--weights","yolov5x.pt"],"env":null,"hostname":"TalCo","ip":"10.100.102.242","machine":"AMD64","os":"Windows-10-10.0.22621-SP0","os_release":"10","os_type":"Windows","pid":21216,"processor":"AMD64 Family 25 Model 80 Stepping 0, AuthenticAMD","python_exe":"C:\\Users\\talco\\AppData\\Local\\Microsoft\\WindowsApps\\PythonSoftwareFoundation.Python.3.10_qbz5n2kfra8p0\\python.exe","python_version":"3.10.10","python_version_verbose":"3.10.10 (tags/v3.10.10:aad5f6a, Feb  7 2023, 17:20:36) [MSC v.1929 64 bit (AMD64)]","user":"talco"},"local_timestamp":1679135024529},"type":"ws_msg"}
{"payload":{"local_timestamp":1679135024980,"param":{"paramName":"data","paramValue":"C:/yolov5-master/data/custom_dataset.yaml","source":"cli","step":null}},"type":"parameter_msg"}
{"payload":{"local_timestamp":1679135024980,"param":{"paramName":"cfg","paramValue":"C:/yolov5-master/models/yolov5x.yaml","source":"cli","step":null}},"type":"parameter_msg"}
{"payload":{"local_timestamp":1679135024980,"param":{"paramName":"weights","paramValue":"yolov5x.pt","source":"cli","step":null}},"type":"parameter_msg"}
{"payload":{"local_timestamp":1679135024980,"metric":{"epoch":null,"metricName":"sys.cpu.percent.avg","metricValue":4.61875,"step":null}},"type":"metric_msg"}
{"payload":{"local_timestamp":1679135024980,"metric":{"epoch":null,"metricName":"sys.cpu.percent.01","metricValue":3.5,"step":null}},"type":"metric_msg"}
{"payload":{"local_timestamp":1679135024980,"metric":{"epoch":null,"metricName":"sys.cpu.percent.02","metricValue":0.3,"step":null}},"type":"metric_msg"}
{"payload":{"local_timestamp":1679135024980,"metric":{"epoch":null,"metricName":"sys.cpu.percent.03","metricValue":0.9,"step":null}},"type":"metric_msg"}
{"payload":{"local_timestamp":1679135024980,"metric":{"epoch":null,"metricName":"sys.cpu.percent.04","metricValue":0.0,"step":null}},"type":"metric_msg"}
{"payload":{"local_timestamp":1679135024980,"metric":{"epoch":null,"metricName":"sys.cpu.percent.05","metricValue":16.1,"step":null}},"type":"metric_msg"}
{"payload":{"local_timestamp":1679135024980,"metric":{"epoch":null,"metricName":"sys.cpu.percent.06","metricValue":10.5,"step":null}},"type":"metric_msg"}
{"payload":{"local_timestamp":1679135024982,"metric":{"epoch":null,"metricName":"sys.cpu.percent.07","metricValue":0.5,"step":null}},"type":"metric_msg"}
{"payload":{"local_timestamp":1679135024982,"metric":{"epoch":null,"metricName":"sys.cpu.percent.08","metricValue":0.0,"step":null}},"type":"metric_msg"}
{"payload":{"local_timestamp":1679135024982,"metric":{"epoch":null,"metricName":"sys.cpu.percent.09","metricValue":2.4,"step":null}},"type":"metric_msg"}
{"payload":{"local_timestamp":1679135024982,"metric":{"epoch":null,"metricName":"sys.cpu.percent.10","metricValue":3.2,"step":null}},"type":"metric_msg"}
{"payload":{"local_timestamp":1679135024982,"metric":{"epoch":null,"metricName":"sys.cpu.percent.11","metricValue":0.2,"step":null}},"type":"metric_msg"}
{"payload":{"local_timestamp":1679135024982,"metric":{"epoch":null,"metricName":"sys.cpu.percent.12","metricValue":1.0,"step":null}},"type":"metric_msg"}
{"payload":{"local_timestamp":1679135024982,"metric":{"epoch":null,"metricName":"sys.cpu.percent.13","metricValue":9.7,"step":null}},"type":"metric_msg"}
{"payload":{"local_timestamp":1679135024982,"metric":{"epoch":null,"metricName":"sys.cpu.percent.14","metricValue":24.5,"step":null}},"type":"metric_msg"}
{"payload":{"local_timestamp":1679135024982,"metric":{"epoch":null,"metricName":"sys.cpu.percent.15","metricValue":0.3,"step":null}},"type":"metric_msg"}
{"payload":{"local_timestamp":1679135024982,"metric":{"epoch":null,"metricName":"sys.cpu.percent.16","metricValue":0.8,"step":null}},"type":"metric_msg"}
{"payload":{"local_timestamp":1679135024982,"metric":{"epoch":null,"metricName":"sys.load.avg","metricValue":0.0,"step":null}},"type":"metric_msg"}
{"payload":{"local_timestamp":1679135024982,"metric":{"epoch":null,"metricName":"sys.ram.total","metricValue":14870306816,"step":null}},"type":"metric_msg"}
{"payload":{"local_timestamp":1679135024982,"metric":{"epoch":null,"metricName":"sys.ram.used","metricValue":11061542912,"step":null}},"type":"metric_msg"}
{"payload":{"local_timestamp":1679135024982,"log_other":{"key":"offline_experiment","val":true}},"type":"ws_msg"}
{"payload":{"additional_params":{"assetId":"527da6a1d714402ba989ae70fbcffdc3","context":null,"extension":"yaml","fileName":"custom_dataset.yaml","overwrite":false,"runId":null,"step":null},"clean":true,"file_path":"tmpiwehb2fv","local_timestamp":1679135024987,"metadata":{"type":"data-config-file"},"upload_type":"asset"},"type":"file_upload"}
{"payload":{"local_timestamp":1679135024994,"log_other":{"key":"Created from","val":"YOLOv5"}},"type":"ws_msg"}
{"payload":{"local_timestamp":1679135024994,"param":{"paramName":"artifact_alias","paramValue":"latest","source":"manual","step":null}},"type":"parameter_msg"}
{"payload":{"local_timestamp":1679135024994,"param":{"paramName":"batch_size","paramValue":16,"source":"manual","step":null}},"type":"parameter_msg"}
{"payload":{"local_timestamp":1679135024994,"param":{"paramName":"bbox_interval","paramValue":-1,"source":"manual","step":null}},"type":"parameter_msg"}
{"payload":{"local_timestamp":1679135024994,"param":{"paramName":"bucket","paramValue":"","source":"manual","step":null}},"type":"parameter_msg"}
{"payload":{"local_timestamp":1679135024994,"param":{"paramName":"cache","paramValue":null,"source":"manual","step":null}},"type":"parameter_msg"}
{"payload":{"local_timestamp":1679135024995,"param":{"paramName":"cos_lr","paramValue":false,"source":"manual","step":null}},"type":"parameter_msg"}
{"payload":{"local_timestamp":1679135024995,"param":{"paramName":"device","paramValue":"","source":"manual","step":null}},"type":"parameter_msg"}
{"payload":{"local_timestamp":1679135024995,"param":{"paramName":"entity","paramValue":null,"source":"manual","step":null}},"type":"parameter_msg"}
{"payload":{"local_timestamp":1679135024995,"param":{"paramName":"epochs","paramValue":100,"source":"manual","step":null}},"type":"parameter_msg"}
{"payload":{"local_timestamp":1679135024995,"param":{"paramName":"evolve","paramValue":null,"source":"manual","step":null}},"type":"parameter_msg"}
{"payload":{"local_timestamp":1679135024995,"param":{"paramName":"exist_ok","paramValue":false,"source":"manual","step":null}},"type":"parameter_msg"}
{"payload":{"local_timestamp":1679135024995,"params":{"paramName":"freeze","paramValue":[0],"source":"manual","step":null}},"type":"parameter_msg"}
{"payload":{"local_timestamp":1679135024995,"param":{"paramName":"hyp","paramValue":"{\"anchor_t\": 4.0, \"box\": 0.05, \"cls\": 0.5, \"cls_pw\": 1.0, \"copy_paste\": 0.0, \"degrees\": 0.0, \"fl_gamma\": 0.0, \"fliplr\": 0.5, \"flipud\": 0.0, \"hsv_h\": 0.015, \"hsv_s\": 0.7, \"hsv_v\": 0.4, \"iou_t\": 0.2, \"lr0\": 0.01, \"lrf\": 0.01, \"mixup\": 0.0, \"momentum\": 0.937, \"mosaic\": 1.0, \"obj\": 1.0, \"obj_pw\": 1.0, \"perspective\": 0.0, \"scale\": 0.5, \"shear\": 0.0, \"translate\": 0.1, \"warmup_bias_lr\": 0.1, \"warmup_epochs\": 3.0, \"warmup_momentum\": 0.8, \"weight_decay\": 0.0005}","source":"manual","step":null}},"type":"parameter_msg"}
{"payload":{"local_timestamp":1679135024995,"param":{"paramName":"image_weights","paramValue":false,"source":"manual","step":null}},"type":"parameter_msg"}
{"payload":{"local_timestamp":1679135024995,"param":{"paramName":"imgsz","paramValue":640,"source":"manual","step":null}},"type":"parameter_msg"}
{"payload":{"local_timestamp":1679135024995,"param":{"paramName":"label_smoothing","paramValue":0.0,"source":"manual","step":null}},"type":"parameter_msg"}
{"payload":{"local_timestamp":1679135024995,"param":{"paramName":"local_rank","paramValue":-1,"source":"manual","step":null}},"type":"parameter_msg"}
{"payload":{"local_timestamp":1679135024995,"param":{"paramName":"multi_scale","paramValue":false,"source":"manual","step":null}},"type":"parameter_msg"}
{"payload":{"local_timestamp":1679135024995,"param":{"paramName":"name","paramValue":"exp","source":"manual","step":null}},"type":"parameter_msg"}
{"payload":{"local_timestamp":1679135024995,"param":{"paramName":"noautoanchor","paramValue":false,"source":"manual","step":null}},"type":"parameter_msg"}
{"payload":{"local_timestamp":1679135024995,"param":{"paramName":"noplots","paramValue":false,"source":"manual","step":null}},"type":"parameter_msg"}
{"payload":{"local_timestamp":1679135024995,"param":{"paramName":"nosave","paramValue":false,"source":"manual","step":null}},"type":"parameter_msg"}
{"payload":{"local_timestamp":1679135024995,"param":{"paramName":"noval","paramValue":false,"source":"manual","step":null}},"type":"parameter_msg"}
{"payload":{"local_timestamp":1679135024995,"param":{"paramName":"optimizer","paramValue":"SGD","source":"manual","step":null}},"type":"parameter_msg"}
{"payload":{"local_timestamp":1679135024995,"param":{"paramName":"patience","paramValue":100,"source":"manual","step":null}},"type":"parameter_msg"}
{"payload":{"local_timestamp":1679135024995,"param":{"paramName":"project","paramValue":"runs\\train","source":"manual","step":null}},"type":"parameter_msg"}
{"payload":{"local_timestamp":1679135024995,"param":{"paramName":"quad","paramValue":false,"source":"manual","step":null}},"type":"parameter_msg"}
{"payload":{"local_timestamp":1679135024995,"param":{"paramName":"rect","paramValue":false,"source":"manual","step":null}},"type":"parameter_msg"}
{"payload":{"local_timestamp":1679135024995,"param":{"paramName":"resume","paramValue":false,"source":"manual","step":null}},"type":"parameter_msg"}
{"payload":{"local_timestamp":1679135024995,"param":{"paramName":"save_dir","paramValue":"runs\\train\\exp5","source":"manual","step":null}},"type":"parameter_msg"}
{"payload":{"local_timestamp":1679135024995,"param":{"paramName":"save_period","paramValue":-1,"source":"manual","step":null}},"type":"parameter_msg"}
{"payload":{"local_timestamp":1679135024995,"param":{"paramName":"seed","paramValue":0,"source":"manual","step":null}},"type":"parameter_msg"}
{"payload":{"local_timestamp":1679135024995,"param":{"paramName":"single_cls","paramValue":false,"source":"manual","step":null}},"type":"parameter_msg"}
{"payload":{"local_timestamp":1679135024995,"param":{"paramName":"sync_bn","paramValue":false,"source":"manual","step":null}},"type":"parameter_msg"}
{"payload":{"local_timestamp":1679135024995,"param":{"paramName":"upload_dataset","paramValue":false,"source":"manual","step":null}},"type":"parameter_msg"}
{"payload":{"local_timestamp":1679135024995,"param":{"paramName":"workers","paramValue":8,"source":"manual","step":null}},"type":"parameter_msg"}
{"payload":{"local_timestamp":1679135024995,"param":{"paramName":"anchor_t","paramValue":4.0,"source":"manual","step":null}},"type":"parameter_msg"}
{"payload":{"local_timestamp":1679135024995,"param":{"paramName":"box","paramValue":0.05,"source":"manual","step":null}},"type":"parameter_msg"}
{"payload":{"local_timestamp":1679135024995,"param":{"paramName":"cls","paramValue":0.5,"source":"manual","step":null}},"type":"parameter_msg"}
{"payload":{"local_timestamp":1679135024995,"param":{"paramName":"cls_pw","paramValue":1.0,"source":"manual","step":null}},"type":"parameter_msg"}
{"payload":{"local_timestamp":1679135024995,"param":{"paramName":"copy_paste","paramValue":0.0,"source":"manual","step":null}},"type":"parameter_msg"}
{"payload":{"local_timestamp":1679135024995,"param":{"paramName":"degrees","paramValue":0.0,"source":"manual","step":null}},"type":"parameter_msg"}
{"payload":{"local_timestamp":1679135024995,"param":{"paramName":"fl_gamma","paramValue":0.0,"source":"manual","step":null}},"type":"parameter_msg"}
{"payload":{"local_timestamp":1679135024995,"param":{"paramName":"fliplr","paramValue":0.5,"source":"manual","step":null}},"type":"parameter_msg"}
{"payload":{"local_timestamp":1679135024995,"param":{"paramName":"flipud","paramValue":0.0,"source":"manual","step":null}},"type":"parameter_msg"}
{"payload":{"local_timestamp":1679135024995,"param":{"paramName":"hsv_h","paramValue":0.015,"source":"manual","step":null}},"type":"parameter_msg"}
{"payload":{"local_timestamp":1679135024995,"param":{"paramName":"hsv_s","paramValue":0.7,"source":"manual","step":null}},"type":"parameter_msg"}
{"payload":{"local_timestamp":1679135024995,"param":{"paramName":"hsv_v","paramValue":0.4,"source":"manual","step":null}},"type":"parameter_msg"}
{"payload":{"local_timestamp":1679135024995,"param":{"paramName":"iou_t","paramValue":0.2,"source":"manual","step":null}},"type":"parameter_msg"}
{"payload":{"local_timestamp":1679135024995,"param":{"paramName":"lr0","paramValue":0.01,"source":"manual","step":null}},"type":"parameter_msg"}
{"payload":{"local_timestamp":1679135024995,"param":{"paramName":"lrf","paramValue":0.01,"source":"manual","step":null}},"type":"parameter_msg"}
{"payload":{"local_timestamp":1679135024995,"param":{"paramName":"mixup","paramValue":0.0,"source":"manual","step":null}},"type":"parameter_msg"}
{"payload":{"local_timestamp":1679135024995,"param":{"paramName":"momentum","paramValue":0.937,"source":"manual","step":null}},"type":"parameter_msg"}
{"payload":{"local_timestamp":1679135024995,"param":{"paramName":"mosaic","paramValue":1.0,"source":"manual","step":null}},"type":"parameter_msg"}
{"payload":{"local_timestamp":1679135024995,"param":{"paramName":"obj","paramValue":1.0,"source":"manual","step":null}},"type":"parameter_msg"}
{"payload":{"local_timestamp":1679135024995,"param":{"paramName":"obj_pw","paramValue":1.0,"source":"manual","step":null}},"type":"parameter_msg"}
{"payload":{"local_timestamp":1679135024995,"param":{"paramName":"perspective","paramValue":0.0,"source":"manual","step":null}},"type":"parameter_msg"}
{"payload":{"local_timestamp":1679135024995,"param":{"paramName":"scale","paramValue":0.5,"source":"manual","step":null}},"type":"parameter_msg"}
{"payload":{"local_timestamp":1679135024995,"param":{"paramName":"shear","paramValue":0.0,"source":"manual","step":null}},"type":"parameter_msg"}
{"payload":{"local_timestamp":1679135024995,"param":{"paramName":"translate","paramValue":0.1,"source":"manual","step":null}},"type":"parameter_msg"}
{"payload":{"local_timestamp":1679135024995,"param":{"paramName":"warmup_bias_lr","paramValue":0.1,"source":"manual","step":null}},"type":"parameter_msg"}
{"payload":{"local_timestamp":1679135024995,"param":{"paramName":"warmup_epochs","paramValue":3.0,"source":"manual","step":null}},"type":"parameter_msg"}
{"payload":{"local_timestamp":1679135024995,"param":{"paramName":"warmup_momentum","paramValue":0.8,"source":"manual","step":null}},"type":"parameter_msg"}
{"payload":{"local_timestamp":1679135024995,"param":{"paramName":"weight_decay","paramValue":0.0005,"source":"manual","step":null}},"type":"parameter_msg"}
{"payload":{"additional_params":{"assetId":"5eb3f0c1e51f4fc6ba823bdc641479a5","context":null,"epoch":null,"extension":"json","fileName":"hyperparameters.json","overwrite":false,"runId":null,"step":null},"clean":true,"file_path":"tmpp718rgr0","local_timestamp":1679135025004,"metadata":{"type":"hyp-config-file"},"upload_type":"asset"},"type":"file_upload"}
{"payload":{"additional_params":{"assetId":"b17bc71002be4511ac73bfc576e05554","context":null,"extension":"yaml","fileName":"opt.yaml","overwrite":false,"runId":null,"step":null},"clean":true,"file_path":"tmp_xgxzjp2","local_timestamp":1679135025000,"metadata":{"type":"opt-config-file"},"upload_type":"asset"},"type":"file_upload"}
{"payload":{"local_timestamp":1679135025000,"param":{"paramName":"val_conf_threshold","paramValue":0.001,"source":"manual","step":null}},"type":"parameter_msg"}
{"payload":{"local_timestamp":1679135025000,"param":{"paramName":"val_iou_threshold","paramValue":0.6,"source":"manual","step":null}},"type":"parameter_msg"}
{"payload":{"local_timestamp":1679135025000,"log_other":{"key":"comet_mode","val":"online"}},"type":"ws_msg"}
{"payload":{"local_timestamp":1679135025000,"log_other":{"key":"comet_max_image_uploads","val":100}},"type":"ws_msg"}
{"payload":{"local_timestamp":1679135025000,"log_other":{"key":"comet_log_per_class_metrics","val":false}},"type":"ws_msg"}
{"payload":{"local_timestamp":1679135025000,"log_other":{"key":"comet_log_batch_metrics","val":false}},"type":"ws_msg"}
{"payload":{"local_timestamp":1679135025000,"log_other":{"key":"comet_log_confusion_matrix","val":true}},"type":"ws_msg"}
{"payload":{"local_timestamp":1679135025000,"log_other":{"key":"comet_model_name","val":"yolov5"}},"type":"ws_msg"}
{"payload":{"local_timestamp":1679135025224,"stderr":true,"stdout":"Overriding model.yaml nc=80 with nc=2\n"},"type":"ws_msg"}
{"payload":{"local_timestamp":1679135025224,"stderr":true,"stdout":"\n                 from  n    params  module                                  arguments                     \n"},"type":"ws_msg"}
{"payload":{"local_timestamp":1679135025225,"stderr":true,"stdout":"  0                -1  1      8800  models.common.Conv                      [3, 80, 6, 2, 2]              \n"},"type":"ws_msg"}
{"payload":{"local_timestamp":1679135025226,"stderr":true,"stdout":"  1                -1  1    115520  models.common.Conv                      [80, 160, 3, 2]               \n"},"type":"ws_msg"}
{"payload":{"local_timestamp":1679135025230,"stderr":true,"stdout":"  2                -1  4    309120  models.common.C3                        [160, 160, 4]                 \n"},"type":"ws_msg"}
{"payload":{"local_timestamp":1679135025233,"stderr":true,"stdout":"  3                -1  1    461440  models.common.Conv                      [160, 320, 3, 2]              \n"},"type":"ws_msg"}
{"payload":{"local_timestamp":1679135025251,"stderr":true,"stdout":"  4                -1  8   2259200  models.common.C3                        [320, 320, 8]                 \n"},"type":"ws_msg"}
{"payload":{"local_timestamp":1679135025260,"stderr":true,"stdout":"  5                -1  1   1844480  models.common.Conv                      [320, 640, 3, 2]              \n"},"type":"ws_msg"}
{"payload":{"local_timestamp":1679135025334,"stderr":true,"stdout":"  6                -1 12  13125120  models.common.C3                        [640, 640, 12]                \n"},"type":"ws_msg"}
{"payload":{"local_timestamp":1679135025370,"stderr":true,"stdout":"  7                -1  1   7375360  models.common.Conv                      [640, 1280, 3, 2]             \n"},"type":"ws_msg"}
{"payload":{"local_timestamp":1679135025473,"stderr":true,"stdout":"  8                -1  4  19676160  models.common.C3                        [1280, 1280, 4]               \n"},"type":"ws_msg"}
{"payload":{"local_timestamp":1679135025495,"stderr":true,"stdout":"  9                -1  1   4099840  models.common.SPPF                      [1280, 1280, 5]               \n"},"type":"ws_msg"}
{"payload":{"local_timestamp":1679135025500,"stderr":true,"stdout":" 10                -1  1    820480  models.common.Conv                      [1280, 640, 1, 1]             \n"},"type":"ws_msg"}
{"payload":{"local_timestamp":1679135025500,"stderr":true,"stdout":" 11                -1  1         0  torch.nn.modules.upsampling.Upsample    [None, 2, 'nearest']          \n"},"type":"ws_msg"}
{"payload":{"local_timestamp":1679135025500,"stderr":true,"stdout":" 12           [-1, 6]  1         0  models.common.Concat                    [1]                           \n"},"type":"ws_msg"}
{"payload":{"local_timestamp":1679135025532,"stderr":true,"stdout":" 13                -1  4   5332480  models.common.C3                        [1280, 640, 4, False]         \n"},"type":"ws_msg"}
{"payload":{"local_timestamp":1679135025533,"stderr":true,"stdout":" 14                -1  1    205440  models.common.Conv                      [640, 320, 1, 1]              \n"},"type":"ws_msg"}
{"payload":{"local_timestamp":1679135025533,"stderr":true,"stdout":" 15                -1  1         0  torch.nn.modules.upsampling.Upsample    [None, 2, 'nearest']          \n"},"type":"ws_msg"}
{"payload":{"local_timestamp":1679135025534,"stderr":true,"stdout":" 16           [-1, 4]  1         0  models.common.Concat                    [1]                           \n"},"type":"ws_msg"}
{"payload":{"local_timestamp":1679135025542,"stderr":true,"stdout":" 17                -1  4   1335040  models.common.C3                        [640, 320, 4, False]          \n"},"type":"ws_msg"}
{"payload":{"local_timestamp":1679135025547,"stderr":true,"stdout":" 18                -1  1    922240  models.common.Conv                      [320, 320, 3, 2]              \n"},"type":"ws_msg"}
{"payload":{"local_timestamp":1679135025547,"stderr":true,"stdout":" 19          [-1, 14]  1         0  models.common.Concat                    [1]                           \n"},"type":"ws_msg"}
{"payload":{"local_timestamp":1679135025578,"stderr":true,"stdout":" 20                -1  4   4922880  models.common.C3                        [640, 640, 4, False]          \n"},"type":"ws_msg"}
{"payload":{"local_timestamp":1679135025604,"stderr":true,"stdout":" 21                -1  1   3687680  models.common.Conv                      [640, 640, 3, 2]              \n"},"type":"ws_msg"}
{"payload":{"local_timestamp":1679135025604,"stderr":true,"stdout":" 22          [-1, 10]  1         0  models.common.Concat                    [1]                           \n"},"type":"ws_msg"}
{"payload":{"local_timestamp":1679135025706,"stderr":true,"stdout":" 23                -1  4  19676160  models.common.C3                        [1280, 1280, 4, False]        \n"},"type":"ws_msg"}
{"payload":{"local_timestamp":1679135025707,"stderr":true,"stdout":" 24      [17, 20, 23]  1     47103  models.yolo.Detect                      [2, [[10, 13, 16, 30, 33, 23], [30, 61, 62, 45, 59, 119], [116, 90, 156, 198, 373, 326]], [320, 640, 1280]]\n"},"type":"ws_msg"}
{"payload":{"local_timestamp":1679135026311,"stderr":true,"stdout":"YOLOv5x summary: 445 layers, 86224543 parameters, 86224543 gradients, 204.6 GFLOPs\n"},"type":"ws_msg"}
{"payload":{"local_timestamp":1679135026312,"stderr":true,"stdout":"\n"},"type":"ws_msg"}
{"payload":{"local_timestamp":1679135026497,"stderr":true,"stdout":"Transferred 738/745 items from yolov5x.pt\n"},"type":"ws_msg"}
{"payload":{"local_timestamp":1679135026501,"stderr":true,"stdout":"\u001b[34m\u001b[1moptimizer:\u001b[0m SGD(lr=0.01) with parameter groups 123 weight(decay=0.0), 126 weight(decay=0.0005), 126 bias\n"},"type":"ws_msg"}
{"payload":{"local_timestamp":1679135028123,"stderr":true,"stdout":"\r\u001b[34m\u001b[1mtrain: \u001b[0mScanning C:\\datasets\\VOC\\custom_dataset\\train\\labels.cache... 8691 images, 189 backgrounds, 0 corrupt: 100%|\u2588\u2588\u2588\u2588\u001b[0m"},"type":"ws_msg"}
{"payload":{"local_timestamp":1679135028124,"stderr":true,"stdout":"\r\u001b[34m\u001b[1mtrain: \u001b[0mScanning C:\\datasets\\VOC\\custom_dataset\\train\\labels.cache... 8691 images, 189 backgrounds, 0 corrupt: 100%|\u2588\u2588\u2588\u2588\u001b[0m"},"type":"ws_msg"}
{"payload":{"local_timestamp":1679135028124,"stderr":true,"stdout":"\n"},"type":"ws_msg"}
{"payload":{"local_timestamp":1679135085534,"metric":{"epoch":null,"metricName":"sys.cpu.percent.avg","metricValue":3.6875,"step":null}},"type":"metric_msg"}
{"payload":{"local_timestamp":1679135085534,"metric":{"epoch":null,"metricName":"sys.cpu.percent.01","metricValue":6.0,"step":null}},"type":"metric_msg"}
{"payload":{"local_timestamp":1679135085534,"metric":{"epoch":null,"metricName":"sys.cpu.percent.02","metricValue":1.0,"step":null}},"type":"metric_msg"}
{"payload":{"local_timestamp":1679135085534,"metric":{"epoch":null,"metricName":"sys.cpu.percent.03","metricValue":1.0,"step":null}},"type":"metric_msg"}
{"payload":{"local_timestamp":1679135085534,"metric":{"epoch":null,"metricName":"sys.cpu.percent.04","metricValue":1.1,"step":null}},"type":"metric_msg"}
{"payload":{"local_timestamp":1679135085534,"metric":{"epoch":null,"metricName":"sys.cpu.percent.05","metricValue":7.6,"step":null}},"type":"metric_msg"}
{"payload":{"local_timestamp":1679135085534,"metric":{"epoch":null,"metricName":"sys.cpu.percent.06","metricValue":7.8,"step":null}},"type":"metric_msg"}
{"payload":{"local_timestamp":1679135085534,"metric":{"epoch":null,"metricName":"sys.cpu.percent.07","metricValue":1.0,"step":null}},"type":"metric_msg"}
{"payload":{"local_timestamp":1679135085534,"metric":{"epoch":null,"metricName":"sys.cpu.percent.08","metricValue":1.0,"step":null}},"type":"metric_msg"}
{"payload":{"local_timestamp":1679135085534,"metric":{"epoch":null,"metricName":"sys.cpu.percent.09","metricValue":2.5,"step":null}},"type":"metric_msg"}
{"payload":{"local_timestamp":1679135085534,"metric":{"epoch":null,"metricName":"sys.cpu.percent.10","metricValue":3.2,"step":null}},"type":"metric_msg"}
{"payload":{"local_timestamp":1679135085534,"metric":{"epoch":null,"metricName":"sys.cpu.percent.11","metricValue":1.8,"step":null}},"type":"metric_msg"}
{"payload":{"local_timestamp":1679135085534,"metric":{"epoch":null,"metricName":"sys.cpu.percent.12","metricValue":2.1,"step":null}},"type":"metric_msg"}
{"payload":{"local_timestamp":1679135085534,"metric":{"epoch":null,"metricName":"sys.cpu.percent.13","metricValue":6.4,"step":null}},"type":"metric_msg"}
{"payload":{"local_timestamp":1679135085534,"metric":{"epoch":null,"metricName":"sys.cpu.percent.14","metricValue":12.5,"step":null}},"type":"metric_msg"}
{"payload":{"local_timestamp":1679135085534,"metric":{"epoch":null,"metricName":"sys.cpu.percent.15","metricValue":1.6,"step":null}},"type":"metric_msg"}
{"payload":{"local_timestamp":1679135085534,"metric":{"epoch":null,"metricName":"sys.cpu.percent.16","metricValue":2.4,"step":null}},"type":"metric_msg"}
{"payload":{"local_timestamp":1679135085534,"metric":{"epoch":null,"metricName":"sys.load.avg","metricValue":0.0,"step":null}},"type":"metric_msg"}
{"payload":{"local_timestamp":1679135085534,"metric":{"epoch":null,"metricName":"sys.ram.total","metricValue":14870306816,"step":null}},"type":"metric_msg"}
{"payload":{"local_timestamp":1679135085534,"metric":{"epoch":null,"metricName":"sys.ram.used","metricValue":12525600768,"step":null}},"type":"metric_msg"}
{"payload":{"local_timestamp":1679135146078,"metric":{"epoch":null,"metricName":"sys.cpu.percent.avg","metricValue":2.9749999999999996,"step":null}},"type":"metric_msg"}
{"payload":{"local_timestamp":1679135146078,"metric":{"epoch":null,"metricName":"sys.cpu.percent.01","metricValue":6.4,"step":null}},"type":"metric_msg"}
{"payload":{"local_timestamp":1679135146078,"metric":{"epoch":null,"metricName":"sys.cpu.percent.02","metricValue":0.9,"step":null}},"type":"metric_msg"}
{"payload":{"local_timestamp":1679135146078,"metric":{"epoch":null,"metricName":"sys.cpu.percent.03","metricValue":0.7,"step":null}},"type":"metric_msg"}
{"payload":{"local_timestamp":1679135146078,"metric":{"epoch":null,"metricName":"sys.cpu.percent.04","metricValue":0.5,"step":null}},"type":"metric_msg"}
{"payload":{"local_timestamp":1679135146078,"metric":{"epoch":null,"metricName":"sys.cpu.percent.05","metricValue":5.3,"step":null}},"type":"metric_msg"}
{"payload":{"local_timestamp":1679135146078,"metric":{"epoch":null,"metricName":"sys.cpu.percent.06","metricValue":4.5,"step":null}},"type":"metric_msg"}
{"payload":{"local_timestamp":1679135146078,"metric":{"epoch":null,"metricName":"sys.cpu.percent.07","metricValue":4.5,"step":null}},"type":"metric_msg"}
{"payload":{"local_timestamp":1679135146078,"metric":{"epoch":null,"metricName":"sys.cpu.percent.08","metricValue":2.3,"step":null}},"type":"metric_msg"}
{"payload":{"local_timestamp":1679135146078,"metric":{"epoch":null,"metricName":"sys.cpu.percent.09","metricValue":2.2,"step":null}},"type":"metric_msg"}
{"payload":{"local_timestamp":1679135146078,"metric":{"epoch":null,"metricName":"sys.cpu.percent.10","metricValue":1.5,"step":null}},"type":"metric_msg"}
{"payload":{"local_timestamp":1679135146078,"metric":{"epoch":null,"metricName":"sys.cpu.percent.11","metricValue":1.1,"step":null}},"type":"metric_msg"}
{"payload":{"local_timestamp":1679135146078,"metric":{"epoch":null,"metricName":"sys.cpu.percent.12","metricValue":0.6,"step":null}},"type":"metric_msg"}
{"payload":{"local_timestamp":1679135146078,"metric":{"epoch":null,"metricName":"sys.cpu.percent.13","metricValue":7.0,"step":null}},"type":"metric_msg"}
{"payload":{"local_timestamp":1679135146078,"metric":{"epoch":null,"metricName":"sys.cpu.percent.14","metricValue":6.8,"step":null}},"type":"metric_msg"}
{"payload":{"local_timestamp":1679135146078,"metric":{"epoch":null,"metricName":"sys.cpu.percent.15","metricValue":2.0,"step":null}},"type":"metric_msg"}
{"payload":{"local_timestamp":1679135146078,"metric":{"epoch":null,"metricName":"sys.cpu.percent.16","metricValue":1.3,"step":null}},"type":"metric_msg"}
{"payload":{"local_timestamp":1679135146078,"metric":{"epoch":null,"metricName":"sys.load.avg","metricValue":0.04,"step":null}},"type":"metric_msg"}
{"payload":{"local_timestamp":1679135146078,"metric":{"epoch":null,"metricName":"sys.ram.total","metricValue":14870306816,"step":null}},"type":"metric_msg"}
{"payload":{"local_timestamp":1679135146078,"metric":{"epoch":null,"metricName":"sys.ram.used","metricValue":12645470208,"step":null}},"type":"metric_msg"}
{"payload":{"local_timestamp":1679135206636,"metric":{"epoch":null,"metricName":"sys.cpu.percent.avg","metricValue":2.65,"step":null}},"type":"metric_msg"}
{"payload":{"local_timestamp":1679135206636,"metric":{"epoch":null,"metricName":"sys.cpu.percent.01","metricValue":6.2,"step":null}},"type":"metric_msg"}
{"payload":{"local_timestamp":1679135206636,"metric":{"epoch":null,"metricName":"sys.cpu.percent.02","metricValue":0.4,"step":null}},"type":"metric_msg"}
{"payload":{"local_timestamp":1679135206636,"metric":{"epoch":null,"metricName":"sys.cpu.percent.03","metricValue":0.5,"step":null}},"type":"metric_msg"}
{"payload":{"local_timestamp":1679135206636,"metric":{"epoch":null,"metricName":"sys.cpu.percent.04","metricValue":0.4,"step":null}},"type":"metric_msg"}
{"payload":{"local_timestamp":1679135206636,"metric":{"epoch":null,"metricName":"sys.cpu.percent.05","metricValue":7.8,"step":null}},"type":"metric_msg"}
{"payload":{"local_timestamp":1679135206636,"metric":{"epoch":null,"metricName":"sys.cpu.percent.06","metricValue":4.7,"step":null}},"type":"metric_msg"}
{"payload":{"local_timestamp":1679135206636,"metric":{"epoch":null,"metricName":"sys.cpu.percent.07","metricValue":2.6,"step":null}},"type":"metric_msg"}
{"payload":{"local_timestamp":1679135206636,"metric":{"epoch":null,"metricName":"sys.cpu.percent.08","metricValue":1.0,"step":null}},"type":"metric_msg"}
{"payload":{"local_timestamp":1679135206636,"metric":{"epoch":null,"metricName":"sys.cpu.percent.09","metricValue":2.0,"step":null}},"type":"metric_msg"}
{"payload":{"local_timestamp":1679135206636,"metric":{"epoch":null,"metricName":"sys.cpu.percent.10","metricValue":1.5,"step":null}},"type":"metric_msg"}
{"payload":{"local_timestamp":1679135206636,"metric":{"epoch":null,"metricName":"sys.cpu.percent.11","metricValue":0.6,"step":null}},"type":"metric_msg"}
{"payload":{"local_timestamp":1679135206636,"metric":{"epoch":null,"metricName":"sys.cpu.percent.12","metricValue":0.6,"step":null}},"type":"metric_msg"}
{"payload":{"local_timestamp":1679135206636,"metric":{"epoch":null,"metricName":"sys.cpu.percent.13","metricValue":4.9,"step":null}},"type":"metric_msg"}
{"payload":{"local_timestamp":1679135206636,"metric":{"epoch":null,"metricName":"sys.cpu.percent.14","metricValue":6.5,"step":null}},"type":"metric_msg"}
{"payload":{"local_timestamp":1679135206636,"metric":{"epoch":null,"metricName":"sys.cpu.percent.15","metricValue":1.4,"step":null}},"type":"metric_msg"}
{"payload":{"local_timestamp":1679135206636,"metric":{"epoch":null,"metricName":"sys.cpu.percent.16","metricValue":1.3,"step":null}},"type":"metric_msg"}
{"payload":{"local_timestamp":1679135206636,"metric":{"epoch":null,"metricName":"sys.load.avg","metricValue":0.09,"step":null}},"type":"metric_msg"}
{"payload":{"local_timestamp":1679135206636,"metric":{"epoch":null,"metricName":"sys.ram.total","metricValue":14870306816,"step":null}},"type":"metric_msg"}
{"payload":{"local_timestamp":1679135206636,"metric":{"epoch":null,"metricName":"sys.ram.used","metricValue":12965208064,"step":null}},"type":"metric_msg"}
{"payload":{"local_timestamp":1679135229806,"stderr":true,"stdout":"\r\u001b[34m\u001b[1mval: \u001b[0mScanning C:\\datasets\\VOC\\custom_dataset\\val\\labels...:   0%|          | 0/2483 [00:00<?, ?it/s]\u001b[0m"},"type":"ws_msg"}
{"payload":{"local_timestamp":1679135243693,"stderr":true,"stdout":"\r\u001b[34m\u001b[1mval: \u001b[0mScanning C:\\datasets\\VOC\\custom_dataset\\val\\labels... 1 images, 0 backgrounds, 0 corrupt:   0%|          | 1/2483 \u001b[0m"},"type":"ws_msg"}
{"payload":{"local_timestamp":1679135243796,"stderr":true,"stdout":"\r\u001b[34m\u001b[1mval: \u001b[0mScanning C:\\datasets\\VOC\\custom_dataset\\val\\labels... 46 images, 0 backgrounds, 0 corrupt:   2%|\u258f         | 46/248\u001b[0m"},"type":"ws_msg"}
{"payload":{"local_timestamp":1679135243908,"stderr":true,"stdout":"\r\u001b[34m\u001b[1mval: \u001b[0mScanning C:\\datasets\\VOC\\custom_dataset\\val\\labels... 90 images, 0 backgrounds, 0 corrupt:   4%|\u258e         | 90/248\u001b[0m"},"type":"ws_msg"}
{"payload":{"local_timestamp":1679135244011,"stderr":true,"stdout":"\r\u001b[34m\u001b[1mval: \u001b[0mScanning C:\\datasets\\VOC\\custom_dataset\\val\\labels... 132 images, 0 backgrounds, 0 corrupt:   5%|\u258c         | 132/2\u001b[0m"},"type":"ws_msg"}
{"payload":{"local_timestamp":1679135244113,"stderr":true,"stdout":"\r\u001b[34m\u001b[1mval: \u001b[0mScanning C:\\datasets\\VOC\\custom_dataset\\val\\labels... 174 images, 0 backgrounds, 0 corrupt:   7%|\u258b         | 174/2\u001b[0m"},"type":"ws_msg"}
{"payload":{"local_timestamp":1679135244232,"stderr":true,"stdout":"\r\u001b[34m\u001b[1mval: \u001b[0mScanning C:\\datasets\\VOC\\custom_dataset\\val\\labels... 215 images, 0 backgrounds, 0 corrupt:   9%|\u258a         | 215/2\u001b[0m"},"type":"ws_msg"}
{"payload":{"local_timestamp":1679135244343,"stderr":true,"stdout":"\r\u001b[34m\u001b[1mval: \u001b[0mScanning C:\\datasets\\VOC\\custom_dataset\\val\\labels... 254 images, 0 backgrounds, 0 corrupt:  10%|\u2588         | 254/2\u001b[0m"},"type":"ws_msg"}
{"payload":{"local_timestamp":1679135244453,"stderr":true,"stdout":"\r\u001b[34m\u001b[1mval: \u001b[0mScanning C:\\datasets\\VOC\\custom_dataset\\val\\labels... 292 images, 0 backgrounds, 0 corrupt:  12%|\u2588\u258f        | 292/2\u001b[0m"},"type":"ws_msg"}
{"payload":{"local_timestamp":1679135244567,"stderr":true,"stdout":"\r\u001b[34m\u001b[1mval: \u001b[0mScanning C:\\datasets\\VOC\\custom_dataset\\val\\labels... 329 images, 0 backgrounds, 0 corrupt:  13%|\u2588\u258e        | 329/2\u001b[0m"},"type":"ws_msg"}
{"payload":{"local_timestamp":1679135244667,"stderr":true,"stdout":"\r\u001b[34m\u001b[1mval: \u001b[0mScanning C:\\datasets\\VOC\\custom_dataset\\val\\labels... 371 images, 0 backgrounds, 0 corrupt:  15%|\u2588\u258d        | 371/2\u001b[0m"},"type":"ws_msg"}
{"payload":{"local_timestamp":1679135244769,"stderr":true,"stdout":"\r\u001b[34m\u001b[1mval: \u001b[0mScanning C:\\datasets\\VOC\\custom_dataset\\val\\labels... 435 images, 0 backgrounds, 0 corrupt:  18%|\u2588\u258a        | 435/2\u001b[0m"},"type":"ws_msg"}
{"payload":{"local_timestamp":1679135244874,"stderr":true,"stdout":"\r\u001b[34m\u001b[1mval: \u001b[0mScanning C:\\datasets\\VOC\\custom_dataset\\val\\labels... 481 images, 0 backgrounds, 0 corrupt:  19%|\u2588\u2589        | 481/2\u001b[0m"},"type":"ws_msg"}
{"payload":{"local_timestamp":1679135244978,"stderr":true,"stdout":"\r\u001b[34m\u001b[1mval: \u001b[0mScanning C:\\datasets\\VOC\\custom_dataset\\val\\labels... 526 images, 0 backgrounds, 0 corrupt:  21%|\u2588\u2588        | 526/2\u001b[0m"},"type":"ws_msg"}
{"payload":{"local_timestamp":1679135245089,"stderr":true,"stdout":"\r\u001b[34m\u001b[1mval: \u001b[0mScanning C:\\datasets\\VOC\\custom_dataset\\val\\labels... 571 images, 0 backgrounds, 0 corrupt:  23%|\u2588\u2588\u258e       | 571/2\u001b[0m"},"type":"ws_msg"}
{"payload":{"local_timestamp":1679135245189,"stderr":true,"stdout":"\r\u001b[34m\u001b[1mval: \u001b[0mScanning C:\\datasets\\VOC\\custom_dataset\\val\\labels... 616 images, 0 backgrounds, 0 corrupt:  25%|\u2588\u2588\u258d       | 616/2\u001b[0m"},"type":"ws_msg"}
{"payload":{"local_timestamp":1679135245297,"stderr":true,"stdout":"\r\u001b[34m\u001b[1mval: \u001b[0mScanning C:\\datasets\\VOC\\custom_dataset\\val\\labels... 678 images, 0 backgrounds, 0 corrupt:  27%|\u2588\u2588\u258b       | 678/2\u001b[0m"},"type":"ws_msg"}
{"payload":{"local_timestamp":1679135245404,"stderr":true,"stdout":"\r\u001b[34m\u001b[1mval: \u001b[0mScanning C:\\datasets\\VOC\\custom_dataset\\val\\labels... 726 images, 0 backgrounds, 0 corrupt:  29%|\u2588\u2588\u2589       | 726/2\u001b[0m"},"type":"ws_msg"}
{"payload":{"local_timestamp":1679135245509,"stderr":true,"stdout":"\r\u001b[34m\u001b[1mval: \u001b[0mScanning C:\\datasets\\VOC\\custom_dataset\\val\\labels... 778 images, 0 backgrounds, 0 corrupt:  31%|\u2588\u2588\u2588\u258f      | 778/2\u001b[0m"},"type":"ws_msg"}
{"payload":{"local_timestamp":1679135245611,"stderr":true,"stdout":"\r\u001b[34m\u001b[1mval: \u001b[0mScanning C:\\datasets\\VOC\\custom_dataset\\val\\labels... 827 images, 0 backgrounds, 0 corrupt:  33%|\u2588\u2588\u2588\u258e      | 827/2\u001b[0m"},"type":"ws_msg"}
{"payload":{"local_timestamp":1679135245712,"stderr":true,"stdout":"\r\u001b[34m\u001b[1mval: \u001b[0mScanning C:\\datasets\\VOC\\custom_dataset\\val\\labels... 878 images, 0 backgrounds, 0 corrupt:  35%|\u2588\u2588\u2588\u258c      | 878/2\u001b[0m"},"type":"ws_msg"}
{"payload":{"local_timestamp":1679135245823,"stderr":true,"stdout":"\r\u001b[34m\u001b[1mval: \u001b[0mScanning C:\\datasets\\VOC\\custom_dataset\\val\\labels... 927 images, 0 backgrounds, 0 corrupt:  37%|\u2588\u2588\u2588\u258b      | 927/2\u001b[0m"},"type":"ws_msg"}
{"payload":{"local_timestamp":1679135245924,"stderr":true,"stdout":"\r\u001b[34m\u001b[1mval: \u001b[0mScanning C:\\datasets\\VOC\\custom_dataset\\val\\labels... 981 images, 0 backgrounds, 0 corrupt:  40%|\u2588\u2588\u2588\u2589      | 981/2\u001b[0m"},"type":"ws_msg"}
{"payload":{"local_timestamp":1679135246027,"stderr":true,"stdout":"\r\u001b[34m\u001b[1mval: \u001b[0mScanning C:\\datasets\\VOC\\custom_dataset\\val\\labels... 1031 images, 0 backgrounds, 0 corrupt:  42%|\u2588\u2588\u2588\u2588\u258f     | 1031\u001b[0m"},"type":"ws_msg"}
{"payload":{"local_timestamp":1679135246131,"stderr":true,"stdout":"\r\u001b[34m\u001b[1mval: \u001b[0mScanning C:\\datasets\\VOC\\custom_dataset\\val\\labels... 1082 images, 0 backgrounds, 0 corrupt:  44%|\u2588\u2588\u2588\u2588\u258e     | 1082\u001b[0m"},"type":"ws_msg"}
{"payload":{"local_timestamp":1679135246237,"stderr":true,"stdout":"\r\u001b[34m\u001b[1mval: \u001b[0mScanning C:\\datasets\\VOC\\custom_dataset\\val\\labels... 1138 images, 0 backgrounds, 0 corrupt:  46%|\u2588\u2588\u2588\u2588\u258c     | 1138\u001b[0m"},"type":"ws_msg"}
{"payload":{"local_timestamp":1679135246338,"stderr":true,"stdout":"\r\u001b[34m\u001b[1mval: \u001b[0mScanning C:\\datasets\\VOC\\custom_dataset\\val\\labels... 1194 images, 0 backgrounds, 0 corrupt:  48%|\u2588\u2588\u2588\u2588\u258a     | 1194\u001b[0m"},"type":"ws_msg"}
{"payload":{"local_timestamp":1679135246445,"stderr":true,"stdout":"\r\u001b[34m\u001b[1mval: \u001b[0mScanning C:\\datasets\\VOC\\custom_dataset\\val\\labels... 1266 images, 0 backgrounds, 0 corrupt:  51%|\u2588\u2588\u2588\u2588\u2588     | 1266\u001b[0m"},"type":"ws_msg"}
{"payload":{"local_timestamp":1679135246550,"stderr":true,"stdout":"\r\u001b[34m\u001b[1mval: \u001b[0mScanning C:\\datasets\\VOC\\custom_dataset\\val\\labels... 1338 images, 0 backgrounds, 0 corrupt:  54%|\u2588\u2588\u2588\u2588\u2588\u258d    | 1338\u001b[0m"},"type":"ws_msg"}
{"payload":{"local_timestamp":1679135246661,"stderr":true,"stdout":"\r\u001b[34m\u001b[1mval: \u001b[0mScanning C:\\datasets\\VOC\\custom_dataset\\val\\labels... 1416 images, 59 backgrounds, 0 corrupt:  57%|\u2588\u2588\u2588\u2588\u2588\u258b    | 141\u001b[0m"},"type":"ws_msg"}
{"payload":{"local_timestamp":1679135246818,"stderr":true,"stdout":"\r\u001b[34m\u001b[1mval: \u001b[0mScanning C:\\datasets\\VOC\\custom_dataset\\val\\labels... 1480 images, 59 backgrounds, 0 corrupt:  60%|\u2588\u2588\u2588\u2588\u2588\u2589    | 148\u001b[0m"},"type":"ws_msg"}
{"payload":{"local_timestamp":1679135246955,"stderr":true,"stdout":"\r\u001b[34m\u001b[1mval: \u001b[0mScanning C:\\datasets\\VOC\\custom_dataset\\val\\labels... 1537 images, 59 backgrounds, 0 corrupt:  62%|\u2588\u2588\u2588\u2588\u2588\u2588\u258f   | 153\u001b[0m"},"type":"ws_msg"}
{"payload":{"local_timestamp":1679135247062,"stderr":true,"stdout":"\r\u001b[34m\u001b[1mval: \u001b[0mScanning C:\\datasets\\VOC\\custom_dataset\\val\\labels... 1590 images, 59 backgrounds, 0 corrupt:  64%|\u2588\u2588\u2588\u2588\u2588\u2588\u258d   | 159\u001b[0m"},"type":"ws_msg"}
{"payload":{"local_timestamp":1679135247167,"stderr":true,"stdout":"\r\u001b[34m\u001b[1mval: \u001b[0mScanning C:\\datasets\\VOC\\custom_dataset\\val\\labels... 1642 images, 59 backgrounds, 0 corrupt:  66%|\u2588\u2588\u2588\u2588\u2588\u2588\u258c   | 164\u001b[0m"},"type":"ws_msg"}
{"payload":{"local_timestamp":1679135247303,"stderr":true,"stdout":"\r\u001b[34m\u001b[1mval: \u001b[0mScanning C:\\datasets\\VOC\\custom_dataset\\val\\labels... 1693 images, 59 backgrounds, 0 corrupt:  68%|\u2588\u2588\u2588\u2588\u2588\u2588\u258a   | 169\u001b[0m"},"type":"ws_msg"}
{"payload":{"local_timestamp":1679135247416,"stderr":true,"stdout":"\r\u001b[34m\u001b[1mval: \u001b[0mScanning C:\\datasets\\VOC\\custom_dataset\\val\\labels... 1752 images, 59 backgrounds, 0 corrupt:  71%|\u2588\u2588\u2588\u2588\u2588\u2588\u2588   | 175\u001b[0m"},"type":"ws_msg"}
{"payload":{"local_timestamp":1679135247516,"stderr":true,"stdout":"\r\u001b[34m\u001b[1mval: \u001b[0mScanning C:\\datasets\\VOC\\custom_dataset\\val\\labels... 1806 images, 59 backgrounds, 0 corrupt:  73%|\u2588\u2588\u2588\u2588\u2588\u2588\u2588\u258e  | 180\u001b[0m"},"type":"ws_msg"}
{"payload":{"local_timestamp":1679135247622,"stderr":true,"stdout":"\r\u001b[34m\u001b[1mval: \u001b[0mScanning C:\\datasets\\VOC\\custom_dataset\\val\\labels... 1857 images, 59 backgrounds, 0 corrupt:  75%|\u2588\u2588\u2588\u2588\u2588\u2588\u2588\u258d  | 185\u001b[0m"},"type":"ws_msg"}
{"payload":{"local_timestamp":1679135247722,"stderr":true,"stdout":"\r\u001b[34m\u001b[1mval: \u001b[0mScanning C:\\datasets\\VOC\\custom_dataset\\val\\labels... 1908 images, 59 backgrounds, 0 corrupt:  77%|\u2588\u2588\u2588\u2588\u2588\u2588\u2588\u258b  | 190\u001b[0m"},"type":"ws_msg"}
{"payload":{"local_timestamp":1679135247825,"stderr":true,"stdout":"\r\u001b[34m\u001b[1mval: \u001b[0mScanning C:\\datasets\\VOC\\custom_dataset\\val\\labels... 1958 images, 59 backgrounds, 0 corrupt:  79%|\u2588\u2588\u2588\u2588\u2588\u2588\u2588\u2589  | 195\u001b[0m"},"type":"ws_msg"}
{"payload":{"local_timestamp":1679135247933,"stderr":true,"stdout":"\r\u001b[34m\u001b[1mval: \u001b[0mScanning C:\\datasets\\VOC\\custom_dataset\\val\\labels... 2014 images, 59 backgrounds, 0 corrupt:  81%|\u2588\u2588\u2588\u2588\u2588\u2588\u2588\u2588  | 201\u001b[0m"},"type":"ws_msg"}
{"payload":{"local_timestamp":1679135248037,"stderr":true,"stdout":"\r\u001b[34m\u001b[1mval: \u001b[0mScanning C:\\datasets\\VOC\\custom_dataset\\val\\labels... 2065 images, 59 backgrounds, 0 corrupt:  83%|\u2588\u2588\u2588\u2588\u2588\u2588\u2588\u2588\u258e | 206\u001b[0m"},"type":"ws_msg"}
{"payload":{"local_timestamp":1679135248147,"stderr":true,"stdout":"\r\u001b[34m\u001b[1mval: \u001b[0mScanning C:\\datasets\\VOC\\custom_dataset\\val\\labels... 2117 images, 59 backgrounds, 0 corrupt:  85%|\u2588\u2588\u2588\u2588\u2588\u2588\u2588\u2588\u258c | 211\u001b[0m"},"type":"ws_msg"}
{"payload":{"local_timestamp":1679135248251,"stderr":true,"stdout":"\r\u001b[34m\u001b[1mval: \u001b[0mScanning C:\\datasets\\VOC\\custom_dataset\\val\\labels... 2167 images, 59 backgrounds, 0 corrupt:  87%|\u2588\u2588\u2588\u2588\u2588\u2588\u2588\u2588\u258b | 216\u001b[0m"},"type":"ws_msg"}
{"payload":{"local_timestamp":1679135248360,"stderr":true,"stdout":"\r\u001b[34m\u001b[1mval: \u001b[0mScanning C:\\datasets\\VOC\\custom_dataset\\val\\labels... 2216 images, 59 backgrounds, 0 corrupt:  89%|\u2588\u2588\u2588\u2588\u2588\u2588\u2588\u2588\u2589 | 221\u001b[0m"},"type":"ws_msg"}
{"payload":{"local_timestamp":1679135248461,"stderr":true,"stdout":"\r\u001b[34m\u001b[1mval: \u001b[0mScanning C:\\datasets\\VOC\\custom_dataset\\val\\labels... 2264 images, 59 backgrounds, 0 corrupt:  91%|\u2588\u2588\u2588\u2588\u2588\u2588\u2588\u2588\u2588 | 226\u001b[0m"},"type":"ws_msg"}
{"payload":{"local_timestamp":1679135248568,"stderr":true,"stdout":"\r\u001b[34m\u001b[1mval: \u001b[0mScanning C:\\datasets\\VOC\\custom_dataset\\val\\labels... 2312 images, 59 backgrounds, 0 corrupt:  93%|\u2588\u2588\u2588\u2588\u2588\u2588\u2588\u2588\u2588\u258e| 231\u001b[0m"},"type":"ws_msg"}
{"payload":{"local_timestamp":1679135248670,"stderr":true,"stdout":"\r\u001b[34m\u001b[1mval: \u001b[0mScanning C:\\datasets\\VOC\\custom_dataset\\val\\labels... 2359 images, 59 backgrounds, 0 corrupt:  95%|\u2588\u2588\u2588\u2588\u2588\u2588\u2588\u2588\u2588\u258c| 235\u001b[0m"},"type":"ws_msg"}
{"payload":{"local_timestamp":1679135248776,"stderr":true,"stdout":"\r\u001b[34m\u001b[1mval: \u001b[0mScanning C:\\datasets\\VOC\\custom_dataset\\val\\labels... 2406 images, 59 backgrounds, 0 corrupt:  97%|\u2588\u2588\u2588\u2588\u2588\u2588\u2588\u2588\u2588\u258b| 240\u001b[0m"},"type":"ws_msg"}
{"payload":{"local_timestamp":1679135248889,"stderr":true,"stdout":"\r\u001b[34m\u001b[1mval: \u001b[0mScanning C:\\datasets\\VOC\\custom_dataset\\val\\labels... 2452 images, 59 backgrounds, 0 corrupt:  99%|\u2588\u2588\u2588\u2588\u2588\u2588\u2588\u2588\u2588\u2589| 245\u001b[0m"},"type":"ws_msg"}
{"payload":{"local_timestamp":1679135248956,"stderr":true,"stdout":"\r\u001b[34m\u001b[1mval: \u001b[0mScanning C:\\datasets\\VOC\\custom_dataset\\val\\labels... 2483 images, 59 backgrounds, 0 corrupt: 100%|\u2588\u2588\u2588\u2588\u2588\u2588\u2588\u2588\u2588\u2588| 248\u001b[0m"},"type":"ws_msg"}
{"payload":{"local_timestamp":1679135248959,"stderr":true,"stdout":"\n"},"type":"ws_msg"}
{"payload":{"local_timestamp":1679135249664,"stderr":true,"stdout":"\u001b[34m\u001b[1mval: \u001b[0mNew cache created: C:\\datasets\\VOC\\custom_dataset\\val\\labels.cache\n"},"type":"ws_msg"}
{"payload":{"local_timestamp":1679135267272,"metric":{"epoch":null,"metricName":"sys.cpu.percent.avg","metricValue":14.31875,"step":null}},"type":"metric_msg"}
{"payload":{"local_timestamp":1679135267272,"metric":{"epoch":null,"metricName":"sys.cpu.percent.01","metricValue":15.1,"step":null}},"type":"metric_msg"}
{"payload":{"local_timestamp":1679135267272,"metric":{"epoch":null,"metricName":"sys.cpu.percent.02","metricValue":9.9,"step":null}},"type":"metric_msg"}
{"payload":{"local_timestamp":1679135267272,"metric":{"epoch":null,"metricName":"sys.cpu.percent.03","metricValue":8.0,"step":null}},"type":"metric_msg"}
{"payload":{"local_timestamp":1679135267272,"metric":{"epoch":null,"metricName":"sys.cpu.percent.04","metricValue":8.3,"step":null}},"type":"metric_msg"}
{"payload":{"local_timestamp":1679135267272,"metric":{"epoch":null,"metricName":"sys.cpu.percent.05","metricValue":26.2,"step":null}},"type":"metric_msg"}
{"payload":{"local_timestamp":1679135267273,"metric":{"epoch":null,"metricName":"sys.cpu.percent.06","metricValue":25.5,"step":null}},"type":"metric_msg"}
{"payload":{"local_timestamp":1679135267273,"metric":{"epoch":null,"metricName":"sys.cpu.percent.07","metricValue":9.9,"step":null}},"type":"metric_msg"}
{"payload":{"local_timestamp":1679135267273,"metric":{"epoch":null,"metricName":"sys.cpu.percent.08","metricValue":8.4,"step":null}},"type":"metric_msg"}
{"payload":{"local_timestamp":1679135267273,"metric":{"epoch":null,"metricName":"sys.cpu.percent.09","metricValue":10.3,"step":null}},"type":"metric_msg"}
{"payload":{"local_timestamp":1679135267273,"metric":{"epoch":null,"metricName":"sys.cpu.percent.10","metricValue":11.1,"step":null}},"type":"metric_msg"}
{"payload":{"local_timestamp":1679135267273,"metric":{"epoch":null,"metricName":"sys.cpu.percent.11","metricValue":9.7,"step":null}},"type":"metric_msg"}
{"payload":{"local_timestamp":1679135267273,"metric":{"epoch":null,"metricName":"sys.cpu.percent.12","metricValue":10.7,"step":null}},"type":"metric_msg"}
{"payload":{"local_timestamp":1679135267273,"metric":{"epoch":null,"metricName":"sys.cpu.percent.13","metricValue":29.7,"step":null}},"type":"metric_msg"}
{"payload":{"local_timestamp":1679135267273,"metric":{"epoch":null,"metricName":"sys.cpu.percent.14","metricValue":26.4,"step":null}},"type":"metric_msg"}
{"payload":{"local_timestamp":1679135267273,"metric":{"epoch":null,"metricName":"sys.cpu.percent.15","metricValue":9.8,"step":null}},"type":"metric_msg"}
{"payload":{"local_timestamp":1679135267273,"metric":{"epoch":null,"metricName":"sys.cpu.percent.16","metricValue":10.1,"step":null}},"type":"metric_msg"}
{"payload":{"local_timestamp":1679135267273,"metric":{"epoch":null,"metricName":"sys.load.avg","metricValue":0.92,"step":null}},"type":"metric_msg"}
{"payload":{"local_timestamp":1679135267273,"metric":{"epoch":null,"metricName":"sys.ram.total","metricValue":14870306816,"step":null}},"type":"metric_msg"}
{"payload":{"local_timestamp":1679135267273,"metric":{"epoch":null,"metricName":"sys.ram.used","metricValue":13363986432,"step":null}},"type":"metric_msg"}
{"payload":{"local_timestamp":1679135327808,"metric":{"epoch":null,"metricName":"sys.cpu.percent.avg","metricValue":6.862500000000001,"step":null}},"type":"metric_msg"}
{"payload":{"local_timestamp":1679135327810,"metric":{"epoch":null,"metricName":"sys.cpu.percent.01","metricValue":7.5,"step":null}},"type":"metric_msg"}
{"payload":{"local_timestamp":1679135327810,"metric":{"epoch":null,"metricName":"sys.cpu.percent.02","metricValue":1.2,"step":null}},"type":"metric_msg"}
{"payload":{"local_timestamp":1679135327810,"metric":{"epoch":null,"metricName":"sys.cpu.percent.03","metricValue":0.6,"step":null}},"type":"metric_msg"}
{"payload":{"local_timestamp":1679135327810,"metric":{"epoch":null,"metricName":"sys.cpu.percent.04","metricValue":1.3,"step":null}},"type":"metric_msg"}
{"payload":{"local_timestamp":1679135327810,"metric":{"epoch":null,"metricName":"sys.cpu.percent.05","metricValue":16.5,"step":null}},"type":"metric_msg"}
{"payload":{"local_timestamp":1679135327810,"metric":{"epoch":null,"metricName":"sys.cpu.percent.06","metricValue":19.8,"step":null}},"type":"metric_msg"}
{"payload":{"local_timestamp":1679135327810,"metric":{"epoch":null,"metricName":"sys.cpu.percent.07","metricValue":2.3,"step":null}},"type":"metric_msg"}
{"payload":{"local_timestamp":1679135327810,"metric":{"epoch":null,"metricName":"sys.cpu.percent.08","metricValue":2.1,"step":null}},"type":"metric_msg"}
{"payload":{"local_timestamp":1679135327810,"metric":{"epoch":null,"metricName":"sys.cpu.percent.09","metricValue":2.9,"step":null}},"type":"metric_msg"}
{"payload":{"local_timestamp":1679135327810,"metric":{"epoch":null,"metricName":"sys.cpu.percent.10","metricValue":4.6,"step":null}},"type":"metric_msg"}
{"payload":{"local_timestamp":1679135327810,"metric":{"epoch":null,"metricName":"sys.cpu.percent.11","metricValue":2.0,"step":null}},"type":"metric_msg"}
{"payload":{"local_timestamp":1679135327810,"metric":{"epoch":null,"metricName":"sys.cpu.percent.12","metricValue":1.6,"step":null}},"type":"metric_msg"}
{"payload":{"local_timestamp":1679135327810,"metric":{"epoch":null,"metricName":"sys.cpu.percent.13","metricValue":14.2,"step":null}},"type":"metric_msg"}
{"payload":{"local_timestamp":1679135327810,"metric":{"epoch":null,"metricName":"sys.cpu.percent.14","metricValue":28.1,"step":null}},"type":"metric_msg"}
{"payload":{"local_timestamp":1679135327810,"metric":{"epoch":null,"metricName":"sys.cpu.percent.15","metricValue":1.8,"step":null}},"type":"metric_msg"}
{"payload":{"local_timestamp":1679135327810,"metric":{"epoch":null,"metricName":"sys.cpu.percent.16","metricValue":3.3,"step":null}},"type":"metric_msg"}
{"payload":{"local_timestamp":1679135327810,"metric":{"epoch":null,"metricName":"sys.load.avg","metricValue":0.34,"step":null}},"type":"metric_msg"}
{"payload":{"local_timestamp":1679135327810,"metric":{"epoch":null,"metricName":"sys.ram.total","metricValue":14870306816,"step":null}},"type":"metric_msg"}
{"payload":{"local_timestamp":1679135327810,"metric":{"epoch":null,"metricName":"sys.ram.used","metricValue":14592761856,"step":null}},"type":"metric_msg"}
{"payload":{"local_timestamp":1679135364489,"stderr":true,"stdout":"\n\u001b[34m\u001b[1mAutoAnchor: \u001b[0m6.08 anchors/target, 1.000 Best Possible Recall (BPR). Current anchors are a good fit to dataset \n"},"type":"ws_msg"}
{"payload":{"local_timestamp":1679135368191,"stderr":true,"stdout":"Plotting labels to runs\\train\\exp5\\labels.jpg... \n"},"type":"ws_msg"}
{"payload":{"additional_params":{"assetId":"c4a36b07edd74e04803bc816f154c28e","context":null,"extension":"jpg","fileName":"labels.jpg","overwrite":false,"runId":null,"step":null},"clean":true,"file_path":"tmp77cv1stj","local_timestamp":1679135375284,"metadata":{},"upload_type":"asset"},"type":"file_upload"}
{"payload":{"additional_params":{"assetId":"a15f3b53544e4286ae475daea672b0db","context":null,"extension":"jpg","fileName":"labels_correlogram.jpg","overwrite":false,"runId":null,"step":null},"clean":true,"file_path":"tmpalhsbx1g","local_timestamp":1679135375291,"metadata":{},"upload_type":"asset"},"type":"file_upload"}
{"payload":{"local_timestamp":1679135375310,"param":{"paramName":"cls","paramValue":0.012500000000000002,"source":"manual","step":null}},"type":"parameter_msg"}
{"payload":{"local_timestamp":1679135375311,"stderr":true,"stdout":"Image sizes 640 train, 640 val\nUsing 8 dataloader workers\nLogging results to \u001b[1mruns\\train\\exp5\u001b[0m\nStarting training for 100 epochs...\n"},"type":"ws_msg"}
{"payload":{"local_timestamp":1679135375313,"stderr":true,"stdout":"\n      Epoch    GPU_mem   box_loss   obj_loss   cls_loss  Instances       Size\n"},"type":"ws_msg"}
{"payload":{"local_timestamp":1679135375314,"stderr":true,"stdout":"\r  0%|          | 0/544 [00:00<?, ?it/s]"},"type":"ws_msg"}
{"payload":{"local_timestamp":1679135388276,"metric":{"epoch":null,"metricName":"sys.cpu.percent.avg","metricValue":11.15625,"step":null}},"type":"metric_msg"}
{"payload":{"local_timestamp":1679135388280,"metric":{"epoch":null,"metricName":"sys.cpu.percent.01","metricValue":19.1,"step":null}},"type":"metric_msg"}
{"payload":{"local_timestamp":1679135388280,"metric":{"epoch":null,"metricName":"sys.cpu.percent.02","metricValue":7.0,"step":null}},"type":"metric_msg"}
{"payload":{"local_timestamp":1679135388280,"metric":{"epoch":null,"metricName":"sys.cpu.percent.03","metricValue":7.5,"step":null}},"type":"metric_msg"}
{"payload":{"local_timestamp":1679135388280,"metric":{"epoch":null,"metricName":"sys.cpu.percent.04","metricValue":7.3,"step":null}},"type":"metric_msg"}
{"payload":{"local_timestamp":1679135388280,"metric":{"epoch":null,"metricName":"sys.cpu.percent.05","metricValue":13.2,"step":null}},"type":"metric_msg"}
{"payload":{"local_timestamp":1679135388280,"metric":{"epoch":null,"metricName":"sys.cpu.percent.06","metricValue":20.1,"step":null}},"type":"metric_msg"}
{"payload":{"local_timestamp":1679135388280,"metric":{"epoch":null,"metricName":"sys.cpu.percent.07","metricValue":6.0,"step":null}},"type":"metric_msg"}
{"payload":{"local_timestamp":1679135388280,"metric":{"epoch":null,"metricName":"sys.cpu.percent.08","metricValue":7.2,"step":null}},"type":"metric_msg"}
{"payload":{"local_timestamp":1679135388280,"metric":{"epoch":null,"metricName":"sys.cpu.percent.09","metricValue":9.7,"step":null}},"type":"metric_msg"}
{"payload":{"local_timestamp":1679135388280,"metric":{"epoch":null,"metricName":"sys.cpu.percent.10","metricValue":10.3,"step":null}},"type":"metric_msg"}
{"payload":{"local_timestamp":1679135388280,"metric":{"epoch":null,"metricName":"sys.cpu.percent.11","metricValue":9.2,"step":null}},"type":"metric_msg"}
{"payload":{"local_timestamp":1679135388280,"metric":{"epoch":null,"metricName":"sys.cpu.percent.12","metricValue":10.2,"step":null}},"type":"metric_msg"}
{"payload":{"local_timestamp":1679135388280,"metric":{"epoch":null,"metricName":"sys.cpu.percent.13","metricValue":17.0,"step":null}},"type":"metric_msg"}
{"payload":{"local_timestamp":1679135388280,"metric":{"epoch":null,"metricName":"sys.cpu.percent.14","metricValue":18.6,"step":null}},"type":"metric_msg"}
{"payload":{"local_timestamp":1679135388280,"metric":{"epoch":null,"metricName":"sys.cpu.percent.15","metricValue":7.6,"step":null}},"type":"metric_msg"}
{"payload":{"local_timestamp":1679135388280,"metric":{"epoch":null,"metricName":"sys.cpu.percent.16","metricValue":8.5,"step":null}},"type":"metric_msg"}
{"payload":{"local_timestamp":1679135388280,"metric":{"epoch":null,"metricName":"sys.load.avg","metricValue":0.51,"step":null}},"type":"metric_msg"}
{"payload":{"local_timestamp":1679135388280,"metric":{"epoch":null,"metricName":"sys.ram.total","metricValue":14870306816,"step":null}},"type":"metric_msg"}
{"payload":{"local_timestamp":1679135388280,"metric":{"epoch":null,"metricName":"sys.ram.used","metricValue":14866628608,"step":null}},"type":"metric_msg"}
{"payload":{"local_timestamp":1679135451340,"metric":{"epoch":null,"metricName":"sys.cpu.percent.avg","metricValue":6.7375,"step":null}},"type":"metric_msg"}
{"payload":{"local_timestamp":1679135451343,"metric":{"epoch":null,"metricName":"sys.cpu.percent.01","metricValue":7.1,"step":null}},"type":"metric_msg"}
{"payload":{"local_timestamp":1679135451343,"metric":{"epoch":null,"metricName":"sys.cpu.percent.02","metricValue":3.5,"step":null}},"type":"metric_msg"}
{"payload":{"local_timestamp":1679135451343,"metric":{"epoch":null,"metricName":"sys.cpu.percent.03","metricValue":4.5,"step":null}},"type":"metric_msg"}
{"payload":{"local_timestamp":1679135451344,"metric":{"epoch":null,"metricName":"sys.cpu.percent.04","metricValue":4.2,"step":null}},"type":"metric_msg"}
{"payload":{"local_timestamp":1679135451344,"metric":{"epoch":null,"metricName":"sys.cpu.percent.05","metricValue":12.7,"step":null}},"type":"metric_msg"}
{"payload":{"local_timestamp":1679135451344,"metric":{"epoch":null,"metricName":"sys.cpu.percent.06","metricValue":11.8,"step":null}},"type":"metric_msg"}
{"payload":{"local_timestamp":1679135451344,"metric":{"epoch":null,"metricName":"sys.cpu.percent.07","metricValue":2.4,"step":null}},"type":"metric_msg"}
{"payload":{"local_timestamp":1679135451344,"metric":{"epoch":null,"metricName":"sys.cpu.percent.08","metricValue":3.1,"step":null}},"type":"metric_msg"}
{"payload":{"local_timestamp":1679135451344,"metric":{"epoch":null,"metricName":"sys.cpu.percent.09","metricValue":6.7,"step":null}},"type":"metric_msg"}
{"payload":{"local_timestamp":1679135451344,"metric":{"epoch":null,"metricName":"sys.cpu.percent.10","metricValue":6.7,"step":null}},"type":"metric_msg"}
{"payload":{"local_timestamp":1679135451344,"metric":{"epoch":null,"metricName":"sys.cpu.percent.11","metricValue":5.1,"step":null}},"type":"metric_msg"}
{"payload":{"local_timestamp":1679135451344,"metric":{"epoch":null,"metricName":"sys.cpu.percent.12","metricValue":6.4,"step":null}},"type":"metric_msg"}
{"payload":{"local_timestamp":1679135451344,"metric":{"epoch":null,"metricName":"sys.cpu.percent.13","metricValue":13.8,"step":null}},"type":"metric_msg"}
{"payload":{"local_timestamp":1679135451344,"metric":{"epoch":null,"metricName":"sys.cpu.percent.14","metricValue":10.4,"step":null}},"type":"metric_msg"}
{"payload":{"local_timestamp":1679135451344,"metric":{"epoch":null,"metricName":"sys.cpu.percent.15","metricValue":4.6,"step":null}},"type":"metric_msg"}
{"payload":{"local_timestamp":1679135451344,"metric":{"epoch":null,"metricName":"sys.cpu.percent.16","metricValue":4.8,"step":null}},"type":"metric_msg"}
{"payload":{"local_timestamp":1679135451344,"metric":{"epoch":null,"metricName":"sys.load.avg","metricValue":0.19,"step":null}},"type":"metric_msg"}
{"payload":{"local_timestamp":1679135451344,"metric":{"epoch":null,"metricName":"sys.ram.total","metricValue":14870306816,"step":null}},"type":"metric_msg"}
{"payload":{"local_timestamp":1679135451344,"metric":{"epoch":null,"metricName":"sys.ram.used","metricValue":14869655552,"step":null}},"type":"metric_msg"}
{"payload":{"local_timestamp":1679135511961,"metric":{"epoch":null,"metricName":"sys.cpu.percent.avg","metricValue":10.3375,"step":null}},"type":"metric_msg"}
{"payload":{"local_timestamp":1679135511965,"metric":{"epoch":null,"metricName":"sys.cpu.percent.01","metricValue":6.9,"step":null}},"type":"metric_msg"}
{"payload":{"local_timestamp":1679135511965,"metric":{"epoch":null,"metricName":"sys.cpu.percent.02","metricValue":6.2,"step":null}},"type":"metric_msg"}
{"payload":{"local_timestamp":1679135511966,"metric":{"epoch":null,"metricName":"sys.cpu.percent.03","metricValue":6.1,"step":null}},"type":"metric_msg"}
{"payload":{"local_timestamp":1679135511966,"metric":{"epoch":null,"metricName":"sys.cpu.percent.04","metricValue":7.4,"step":null}},"type":"metric_msg"}
{"payload":{"local_timestamp":1679135511966,"metric":{"epoch":null,"metricName":"sys.cpu.percent.05","metricValue":21.0,"step":null}},"type":"metric_msg"}
{"payload":{"local_timestamp":1679135511966,"metric":{"epoch":null,"metricName":"sys.cpu.percent.06","metricValue":18.4,"step":null}},"type":"metric_msg"}
{"payload":{"local_timestamp":1679135511966,"metric":{"epoch":null,"metricName":"sys.cpu.percent.07","metricValue":3.0,"step":null}},"type":"metric_msg"}
{"payload":{"local_timestamp":1679135511966,"metric":{"epoch":null,"metricName":"sys.cpu.percent.08","metricValue":3.6,"step":null}},"type":"metric_msg"}
{"payload":{"local_timestamp":1679135511966,"metric":{"epoch":null,"metricName":"sys.cpu.percent.09","metricValue":9.4,"step":null}},"type":"metric_msg"}
{"payload":{"local_timestamp":1679135511966,"metric":{"epoch":null,"metricName":"sys.cpu.percent.10","metricValue":11.8,"step":null}},"type":"metric_msg"}
{"payload":{"local_timestamp":1679135511966,"metric":{"epoch":null,"metricName":"sys.cpu.percent.11","metricValue":10.3,"step":null}},"type":"metric_msg"}
{"payload":{"local_timestamp":1679135511966,"metric":{"epoch":null,"metricName":"sys.cpu.percent.12","metricValue":11.4,"step":null}},"type":"metric_msg"}
{"payload":{"local_timestamp":1679135511968,"metric":{"epoch":null,"metricName":"sys.cpu.percent.13","metricValue":17.9,"step":null}},"type":"metric_msg"}
{"payload":{"local_timestamp":1679135511968,"metric":{"epoch":null,"metricName":"sys.cpu.percent.14","metricValue":16.1,"step":null}},"type":"metric_msg"}
{"payload":{"local_timestamp":1679135512166,"metric":{"epoch":null,"metricName":"sys.cpu.percent.15","metricValue":7.3,"step":null}},"type":"metric_msg"}
{"payload":{"local_timestamp":1679135512826,"metric":{"epoch":null,"metricName":"sys.cpu.percent.16","metricValue":8.6,"step":null}},"type":"metric_msg"}
{"payload":{"local_timestamp":1679135512826,"metric":{"epoch":null,"metricName":"sys.load.avg","metricValue":0.84,"step":null}},"type":"metric_msg"}
{"payload":{"local_timestamp":1679135512827,"metric":{"epoch":null,"metricName":"sys.ram.total","metricValue":14870306816,"step":null}},"type":"metric_msg"}
{"payload":{"local_timestamp":1679135512828,"metric":{"epoch":null,"metricName":"sys.ram.used","metricValue":14869622784,"step":null}},"type":"metric_msg"}
{"payload":{"local_timestamp":1679135573738,"metric":{"epoch":null,"metricName":"sys.cpu.percent.avg","metricValue":10.55625,"step":null}},"type":"metric_msg"}
{"payload":{"local_timestamp":1679135573747,"metric":{"epoch":null,"metricName":"sys.cpu.percent.01","metricValue":4.2,"step":null}},"type":"metric_msg"}
{"payload":{"local_timestamp":1679135573747,"metric":{"epoch":null,"metricName":"sys.cpu.percent.02","metricValue":5.8,"step":null}},"type":"metric_msg"}
{"payload":{"local_timestamp":1679135573747,"metric":{"epoch":null,"metricName":"sys.cpu.percent.03","metricValue":6.3,"step":null}},"type":"metric_msg"}
{"payload":{"local_timestamp":1679135573747,"metric":{"epoch":null,"metricName":"sys.cpu.percent.04","metricValue":7.9,"step":null}},"type":"metric_msg"}
{"payload":{"local_timestamp":1679135573747,"metric":{"epoch":null,"metricName":"sys.cpu.percent.05","metricValue":17.6,"step":null}},"type":"metric_msg"}
{"payload":{"local_timestamp":1679135573748,"metric":{"epoch":null,"metricName":"sys.cpu.percent.06","metricValue":21.0,"step":null}},"type":"metric_msg"}
{"payload":{"local_timestamp":1679135573748,"metric":{"epoch":null,"metricName":"sys.cpu.percent.07","metricValue":1.4,"step":null}},"type":"metric_msg"}
{"payload":{"local_timestamp":1679135573748,"metric":{"epoch":null,"metricName":"sys.cpu.percent.08","metricValue":2.0,"step":null}},"type":"metric_msg"}
{"payload":{"local_timestamp":1679135573748,"metric":{"epoch":null,"metricName":"sys.cpu.percent.09","metricValue":11.4,"step":null}},"type":"metric_msg"}
{"payload":{"local_timestamp":1679135573748,"metric":{"epoch":null,"metricName":"sys.cpu.percent.10","metricValue":12.6,"step":null}},"type":"metric_msg"}
{"payload":{"local_timestamp":1679135573748,"metric":{"epoch":null,"metricName":"sys.cpu.percent.11","metricValue":11.4,"step":null}},"type":"metric_msg"}
{"payload":{"local_timestamp":1679135573748,"metric":{"epoch":null,"metricName":"sys.cpu.percent.12","metricValue":11.6,"step":null}},"type":"metric_msg"}
{"payload":{"local_timestamp":1679135573748,"metric":{"epoch":null,"metricName":"sys.cpu.percent.13","metricValue":17.6,"step":null}},"type":"metric_msg"}
{"payload":{"local_timestamp":1679135573748,"metric":{"epoch":null,"metricName":"sys.cpu.percent.14","metricValue":17.4,"step":null}},"type":"metric_msg"}
{"payload":{"local_timestamp":1679135573748,"metric":{"epoch":null,"metricName":"sys.cpu.percent.15","metricValue":9.7,"step":null}},"type":"metric_msg"}
{"payload":{"local_timestamp":1679135573748,"metric":{"epoch":null,"metricName":"sys.cpu.percent.16","metricValue":11.0,"step":null}},"type":"metric_msg"}
{"payload":{"local_timestamp":1679135573748,"metric":{"epoch":null,"metricName":"sys.load.avg","metricValue":1.5,"step":null}},"type":"metric_msg"}
{"payload":{"local_timestamp":1679135573748,"metric":{"epoch":null,"metricName":"sys.ram.total","metricValue":14870306816,"step":null}},"type":"metric_msg"}
{"payload":{"local_timestamp":1679135573748,"metric":{"epoch":null,"metricName":"sys.ram.used","metricValue":14869655552,"step":null}},"type":"metric_msg"}
{"payload":{"local_timestamp":1679135604590,"stderr":true,"stdout":"\r  0%|          | 0/544 [03:48<?, ?it/s]"},"type":"ws_msg"}
{"payload":{"local_timestamp":1679135604642,"stderr":true,"stdout":"\n"},"type":"ws_msg"}
{"payload":{"local_timestamp":1679135605073,"stderr":true,"stdout":"Traceback (most recent call last):\n"},"type":"ws_msg"}
{"payload":{"local_timestamp":1679135605074,"stderr":true,"stdout":"  File \"C:\\yolov5-master\\train.py\", line 640, in <module>\n    main(opt)\n"},"type":"ws_msg"}
{"payload":{"local_timestamp":1679135605075,"stderr":true,"stdout":"  File \"C:\\yolov5-master\\train.py\", line 529, in main\n    train(opt.hyp, opt, device, callbacks)\n"},"type":"ws_msg"}
{"payload":{"local_timestamp":1679135605076,"stderr":true,"stdout":"  File \"C:\\yolov5-master\\train.py\", line 310, in train\n    pred = model(imgs)  # forward\n"},"type":"ws_msg"}
{"payload":{"local_timestamp":1679135605078,"stderr":true,"stdout":"  File \"C:\\Users\\talco\\AppData\\Local\\Packages\\PythonSoftwareFoundation.Python.3.10_qbz5n2kfra8p0\\LocalCache\\local-packages\\Python310\\site-packages\\torch\\nn\\modules\\module.py\", line 1501, in _call_impl\n    return forward_call(*args, **kwargs)\n"},"type":"ws_msg"}
{"payload":{"local_timestamp":1679135605078,"stderr":true,"stdout":"  File \"C:\\yolov5-master\\models\\yolo.py\", line 209, in forward\n    return self._forward_once(x, profile, visualize)  # single-scale inference, train\n"},"type":"ws_msg"}
{"payload":{"local_timestamp":1679135605079,"stderr":true,"stdout":"  File \"C:\\yolov5-master\\models\\yolo.py\", line 121, in _forward_once\n    x = m(x)  # run\n"},"type":"ws_msg"}
{"payload":{"local_timestamp":1679135605079,"stderr":true,"stdout":"  File \"C:\\Users\\talco\\AppData\\Local\\Packages\\PythonSoftwareFoundation.Python.3.10_qbz5n2kfra8p0\\LocalCache\\local-packages\\Python310\\site-packages\\torch\\nn\\modules\\module.py\", line 1501, in _call_impl\n    return forward_call(*args, **kwargs)\n"},"type":"ws_msg"}
{"payload":{"local_timestamp":1679135605080,"stderr":true,"stdout":"  File \"C:\\Users\\talco\\AppData\\Local\\Packages\\PythonSoftwareFoundation.Python.3.10_qbz5n2kfra8p0\\LocalCache\\local-packages\\Python310\\site-packages\\torch\\nn\\modules\\upsampling.py\", line 156, in forward\n    return F.interpolate(input, self.size, self.scale_factor, self.mode, self.align_corners,\n"},"type":"ws_msg"}
{"payload":{"local_timestamp":1679135605082,"stderr":true,"stdout":"  File \"C:\\Users\\talco\\AppData\\Local\\Packages\\PythonSoftwareFoundation.Python.3.10_qbz5n2kfra8p0\\LocalCache\\local-packages\\Python310\\site-packages\\torch\\nn\\functional.py\", line 3931, in interpolate\n    return torch._C._nn.upsample_nearest2d(input, output_size, scale_factors)\n"},"type":"ws_msg"}
{"payload":{"local_timestamp":1679135605082,"stderr":true,"stdout":"RuntimeError: [enforce fail at ..\\c10\\core\\impl\\alloc_cpu.cpp:72] data. DefaultCPUAllocator: not enough memory: you tried to allocate 65536000 bytes.\n"},"type":"ws_msg"}
{"payload":{"local_timestamp":1679135605355,"stderr":true,"stdout":"COMET INFO: ---------------------------------------------------------------------------------------\n"},"type":"ws_msg"}
{"payload":{"local_timestamp":1679135605356,"stderr":true,"stdout":"COMET INFO: Comet.ml OfflineExperiment Summary\n"},"type":"ws_msg"}
{"payload":{"local_timestamp":1679135605356,"stderr":true,"stdout":"COMET INFO: ---------------------------------------------------------------------------------------\n"},"type":"ws_msg"}
{"payload":{"local_timestamp":1679135605357,"stderr":true,"stdout":"COMET INFO:   Data:\n"},"type":"ws_msg"}
{"payload":{"local_timestamp":1679135605357,"stderr":true,"stdout":"COMET INFO:     display_summary_level : 1\n"},"type":"ws_msg"}
{"payload":{"local_timestamp":1679135605359,"stderr":true,"stdout":"COMET INFO:     url                   : [OfflineExperiment will get URL after upload]\n"},"type":"ws_msg"}
{"payload":{"local_timestamp":1679135605359,"stderr":true,"stdout":"COMET INFO:   Others:\n"},"type":"ws_msg"}
{"payload":{"local_timestamp":1679135605359,"stderr":true,"stdout":"COMET INFO:     Created from                : YOLOv5\n"},"type":"ws_msg"}
{"payload":{"local_timestamp":1679135605361,"stderr":true,"stdout":"COMET INFO:     comet_log_batch_metrics     : False\n"},"type":"ws_msg"}
{"payload":{"local_timestamp":1679135605362,"stderr":true,"stdout":"COMET INFO:     comet_log_confusion_matrix  : True\n"},"type":"ws_msg"}
{"payload":{"local_timestamp":1679135605362,"stderr":true,"stdout":"COMET INFO:     comet_log_per_class_metrics : False\n"},"type":"ws_msg"}
{"payload":{"local_timestamp":1679135605363,"stderr":true,"stdout":"COMET INFO:     comet_max_image_uploads     : 100\n"},"type":"ws_msg"}
{"payload":{"local_timestamp":1679135605363,"stderr":true,"stdout":"COMET INFO:     comet_mode                  : online\n"},"type":"ws_msg"}
{"payload":{"local_timestamp":1679135605364,"stderr":true,"stdout":"COMET INFO:     comet_model_name            : yolov5\n"},"type":"ws_msg"}
{"payload":{"local_timestamp":1679135605364,"stderr":true,"stdout":"COMET INFO:     offline_experiment          : True\n"},"type":"ws_msg"}
{"payload":{"local_timestamp":1679135605365,"stderr":true,"stdout":"COMET INFO:   Parameters:\n"},"type":"ws_msg"}
{"payload":{"local_timestamp":1679135605365,"stderr":true,"stdout":"COMET INFO:     anchor_t           : 4.0\n"},"type":"ws_msg"}
{"payload":{"local_timestamp":1679135605366,"stderr":true,"stdout":"COMET INFO:     artifact_alias     : latest\n"},"type":"ws_msg"}
{"payload":{"local_timestamp":1679135605368,"stderr":true,"stdout":"COMET INFO:     batch_size         : 16\n"},"type":"ws_msg"}
{"payload":{"local_timestamp":1679135605368,"stderr":true,"stdout":"COMET INFO:     bbox_interval      : -1\n"},"type":"ws_msg"}
{"payload":{"local_timestamp":1679135605368,"stderr":true,"stdout":"COMET INFO:     box                : 0.05\n"},"type":"ws_msg"}
{"payload":{"local_timestamp":1679135605368,"stderr":true,"stdout":"COMET INFO:     bucket             : \n"},"type":"ws_msg"}
{"payload":{"local_timestamp":1679135605368,"stderr":true,"stdout":"COMET INFO:     cache              : 1\n"},"type":"ws_msg"}
{"payload":{"local_timestamp":1679135605368,"stderr":true,"stdout":"COMET INFO:     cls                : 0.012500000000000002\n"},"type":"ws_msg"}
{"payload":{"local_timestamp":1679135605369,"stderr":true,"stdout":"COMET INFO:     cls_pw             : 1.0\n"},"type":"ws_msg"}
{"payload":{"local_timestamp":1679135605369,"stderr":true,"stdout":"COMET INFO:     copy_paste         : 0.0\n"},"type":"ws_msg"}
{"payload":{"local_timestamp":1679135605369,"stderr":true,"stdout":"COMET INFO:     cos_lr             : False\n"},"type":"ws_msg"}
{"payload":{"local_timestamp":1679135605369,"stderr":true,"stdout":"COMET INFO:     degrees            : 0.0\n"},"type":"ws_msg"}
{"payload":{"local_timestamp":1679135605370,"stderr":true,"stdout":"COMET INFO:     device             : \n"},"type":"ws_msg"}
{"payload":{"local_timestamp":1679135605370,"stderr":true,"stdout":"COMET INFO:     entity             : 1\n"},"type":"ws_msg"}
{"payload":{"local_timestamp":1679135605370,"stderr":true,"stdout":"COMET INFO:     epochs             : 100\n"},"type":"ws_msg"}
{"payload":{"local_timestamp":1679135605370,"stderr":true,"stdout":"COMET INFO:     evolve             : 1\n"},"type":"ws_msg"}
{"payload":{"local_timestamp":1679135605370,"stderr":true,"stdout":"COMET INFO:     exist_ok           : False\n"},"type":"ws_msg"}
{"payload":{"local_timestamp":1679135605370,"stderr":true,"stdout":"COMET INFO:     fl_gamma           : 0.0\n"},"type":"ws_msg"}
{"payload":{"local_timestamp":1679135605371,"stderr":true,"stdout":"COMET INFO:     fliplr             : 0.5\n"},"type":"ws_msg"}
{"payload":{"local_timestamp":1679135605371,"stderr":true,"stdout":"COMET INFO:     flipud             : 0.0\n"},"type":"ws_msg"}
{"payload":{"local_timestamp":1679135605373,"stderr":true,"stdout":"COMET INFO:     freeze             : [0]\n"},"type":"ws_msg"}
{"payload":{"local_timestamp":1679135605373,"stderr":true,"stdout":"COMET INFO:     hsv_h              : 0.015\n"},"type":"ws_msg"}
{"payload":{"local_timestamp":1679135605373,"stderr":true,"stdout":"COMET INFO:     hsv_s              : 0.7\n"},"type":"ws_msg"}
{"payload":{"local_timestamp":1679135605373,"stderr":true,"stdout":"COMET INFO:     hsv_v              : 0.4\n"},"type":"ws_msg"}
{"payload":{"local_timestamp":1679135605374,"stderr":true,"stdout":"COMET INFO:     hyp                : {\"anchor_t\": 4.0, \"box\": 0.05, \"cls\": 0.5, \"cls_pw\": 1.0, \"copy_paste\": 0.0, \"degrees\": 0.0, \"fl_gamma\": 0.0, \"fliplr\": 0.5, \"flipud\": 0.0, \"hsv_h\": 0.015, \"hsv_s\": 0.7, \"hsv_v\": 0.4, \"iou_t\": 0.2, \"lr0\": 0.01, \"lrf\": 0.01, \"mixup\": 0.0, \"momentum\": 0.937, \"mosaic\": 1.0, \"obj\": 1.0, \"obj_pw\": 1.0, \"perspective\": 0.0, \"scale\": 0.5, \"shear\": 0.0, \"translate\": 0.1, \"warmup_bias_lr\": 0.1, \"warmup_epochs\": 3.0, \"warmup_momentum\": 0.8, \"weight_decay\": 0.0005}\n"},"type":"ws_msg"}
{"payload":{"local_timestamp":1679135605374,"stderr":true,"stdout":"COMET INFO:     image_weights      : False\n"},"type":"ws_msg"}
{"payload":{"local_timestamp":1679135605375,"stderr":true,"stdout":"COMET INFO:     imgsz              : 640\n"},"type":"ws_msg"}
{"payload":{"local_timestamp":1679135605375,"stderr":true,"stdout":"COMET INFO:     iou_t              : 0.2\n"},"type":"ws_msg"}
{"payload":{"local_timestamp":1679135605375,"stderr":true,"stdout":"COMET INFO:     label_smoothing    : 0.0\n"},"type":"ws_msg"}
{"payload":{"local_timestamp":1679135605375,"stderr":true,"stdout":"COMET INFO:     local_rank         : -1\n"},"type":"ws_msg"}
{"payload":{"local_timestamp":1679135605375,"stderr":true,"stdout":"COMET INFO:     lr0                : 0.01\n"},"type":"ws_msg"}
{"payload":{"local_timestamp":1679135605375,"stderr":true,"stdout":"COMET INFO:     lrf                : 0.01\n"},"type":"ws_msg"}
{"payload":{"local_timestamp":1679135605375,"stderr":true,"stdout":"COMET INFO:     mixup              : 0.0\n"},"type":"ws_msg"}
{"payload":{"local_timestamp":1679135605377,"stderr":true,"stdout":"COMET INFO:     momentum           : 0.937\n"},"type":"ws_msg"}
{"payload":{"local_timestamp":1679135605377,"stderr":true,"stdout":"COMET INFO:     mosaic             : 1.0\n"},"type":"ws_msg"}
{"payload":{"local_timestamp":1679135605377,"stderr":true,"stdout":"COMET INFO:     multi_scale        : False\n"},"type":"ws_msg"}
{"payload":{"local_timestamp":1679135605377,"stderr":true,"stdout":"COMET INFO:     name               : exp\n"},"type":"ws_msg"}
{"payload":{"local_timestamp":1679135605377,"stderr":true,"stdout":"COMET INFO:     noautoanchor       : False\n"},"type":"ws_msg"}
{"payload":{"local_timestamp":1679135605377,"stderr":true,"stdout":"COMET INFO:     noplots            : False\n"},"type":"ws_msg"}
{"payload":{"local_timestamp":1679135605377,"stderr":true,"stdout":"COMET INFO:     nosave             : False\n"},"type":"ws_msg"}
{"payload":{"local_timestamp":1679135605378,"stderr":true,"stdout":"COMET INFO:     noval              : False\n"},"type":"ws_msg"}
{"payload":{"local_timestamp":1679135605378,"stderr":true,"stdout":"COMET INFO:     obj                : 1.0\n"},"type":"ws_msg"}
{"payload":{"local_timestamp":1679135605378,"stderr":true,"stdout":"COMET INFO:     obj_pw             : 1.0\n"},"type":"ws_msg"}
{"payload":{"local_timestamp":1679135605378,"stderr":true,"stdout":"COMET INFO:     optimizer          : SGD\n"},"type":"ws_msg"}
{"payload":{"local_timestamp":1679135605378,"stderr":true,"stdout":"COMET INFO:     patience           : 100\n"},"type":"ws_msg"}
{"payload":{"local_timestamp":1679135605378,"stderr":true,"stdout":"COMET INFO:     perspective        : 0.0\n"},"type":"ws_msg"}
{"payload":{"local_timestamp":1679135605379,"stderr":true,"stdout":"COMET INFO:     project            : runs\\train\n"},"type":"ws_msg"}
{"payload":{"local_timestamp":1679135605379,"stderr":true,"stdout":"COMET INFO:     quad               : False\n"},"type":"ws_msg"}
{"payload":{"local_timestamp":1679135605379,"stderr":true,"stdout":"COMET INFO:     rect               : False\n"},"type":"ws_msg"}
{"payload":{"local_timestamp":1679135605379,"stderr":true,"stdout":"COMET INFO:     resume             : False\n"},"type":"ws_msg"}
{"payload":{"local_timestamp":1679135605379,"stderr":true,"stdout":"COMET INFO:     save_dir           : runs\\train\\exp5\n"},"type":"ws_msg"}
{"payload":{"local_timestamp":1679135605379,"stderr":true,"stdout":"COMET INFO:     save_period        : -1\n"},"type":"ws_msg"}
{"payload":{"local_timestamp":1679135605379,"stderr":true,"stdout":"COMET INFO:     scale              : 0.5\n"},"type":"ws_msg"}
{"payload":{"local_timestamp":1679135605379,"stderr":true,"stdout":"COMET INFO:     seed               : 0\n"},"type":"ws_msg"}
{"payload":{"local_timestamp":1679135605381,"stderr":true,"stdout":"COMET INFO:     shear              : 0.0\n"},"type":"ws_msg"}
{"payload":{"local_timestamp":1679135605381,"stderr":true,"stdout":"COMET INFO:     single_cls         : False\n"},"type":"ws_msg"}
{"payload":{"local_timestamp":1679135605381,"stderr":true,"stdout":"COMET INFO:     sync_bn            : False\n"},"type":"ws_msg"}
{"payload":{"local_timestamp":1679135605381,"stderr":true,"stdout":"COMET INFO:     translate          : 0.1\n"},"type":"ws_msg"}
{"payload":{"local_timestamp":1679135605381,"stderr":true,"stdout":"COMET INFO:     upload_dataset     : False\n"},"type":"ws_msg"}
{"payload":{"local_timestamp":1679135605381,"stderr":true,"stdout":"COMET INFO:     val_conf_threshold : 0.001\n"},"type":"ws_msg"}
{"payload":{"local_timestamp":1679135605381,"stderr":true,"stdout":"COMET INFO:     val_iou_threshold  : 0.6\n"},"type":"ws_msg"}
{"payload":{"local_timestamp":1679135605382,"stderr":true,"stdout":"COMET INFO:     warmup_bias_lr     : 0.1\n"},"type":"ws_msg"}
{"payload":{"local_timestamp":1679135605382,"stderr":true,"stdout":"COMET INFO:     warmup_epochs      : 3.0\n"},"type":"ws_msg"}
{"payload":{"local_timestamp":1679135605382,"stderr":true,"stdout":"COMET INFO:     warmup_momentum    : 0.8\n"},"type":"ws_msg"}
{"payload":{"local_timestamp":1679135605382,"stderr":true,"stdout":"COMET INFO:     weight_decay       : 0.0005\n"},"type":"ws_msg"}
{"payload":{"local_timestamp":1679135605382,"stderr":true,"stdout":"COMET INFO:     workers            : 8\n"},"type":"ws_msg"}
{"payload":{"local_timestamp":1679135605382,"stderr":true,"stdout":"COMET INFO:   Uploads:\n"},"type":"ws_msg"}
{"payload":{"local_timestamp":1679135605383,"stderr":true,"stdout":"COMET INFO:     asset               : 5 (289.49 KB)\n"},"type":"ws_msg"}
{"payload":{"local_timestamp":1679135605390,"stderr":true,"stdout":"COMET INFO:     environment details : 1\n"},"type":"ws_msg"}
{"payload":{"local_timestamp":1679135605391,"stderr":true,"stdout":"COMET INFO:     installed packages  : 1\n"},"type":"ws_msg"}
{"payload":{"local_timestamp":1679135605391,"stderr":true,"stdout":"COMET INFO: \n"},"type":"ws_msg"}
{"payload":{"local_timestamp":1679135605478,"stderr":true,"stdout":"COMET WARNING: Experiment Name is generated at upload time for Offline Experiments unless set explicitly with Experiment.set_name\n"},"type":"ws_msg"}
{"payload":{"local_timestamp":1679135605486,"stderr":true,"stdout":"COMET WARNING: Comet has disabled auto-logging functionality as it has been imported after the following ML modules: tensorboard, torch. Metrics and hyperparameters can still be logged using Experiment.log_metrics() and Experiment.log_parameters()\n"},"type":"ws_msg"}
{"payload":{"local_timestamp":1679135605620,"log_other":{"key":"sys.already_imported_modules","val":"[\"tensorboard\", \"torch\"]"}},"type":"ws_msg"}
