{"payload":{"installed_packages":["absl-py==1.4.0","aiofiles==22.1.0","aiosqlite==0.18.0","anyio==3.6.2","appdirs==1.4.4","argon2-cffi-bindings==21.2.0","argon2-cffi==21.3.0","arrow==1.2.3","asgiref==3.6.0","asttokens==2.2.1","async-timeout==4.0.2","attr==0.3.1","attrs==22.2.0","azure-core==1.26.3","azure-storage-blob==12.15.0","babel==2.12.1","backcall==0.2.0","beautifulsoup4==4.11.2","bleach==5.0.1","boto3==1.16.63","boto==2.49.0","botocore==1.19.63","boxing==0.1.4","cachetools==5.3.0","certifi==2022.12.7","cffi==1.15.1","charset-normalizer==2.0.12","clearml==1.9.3","click==8.1.3","colorama==0.4.6","comet-ml==3.32.4","comm==0.1.2","configobj==5.0.8","contourpy==1.0.7","coreapi==2.3.3","coreschema==0.0.4","cryptography==39.0.2","cycler==0.11.0","debugpy==1.6.6","decorator==5.1.1","defusedxml==0.7.1","django-annoying==0.10.6","django-cors-headers==3.6.0","django-debug-toolbar==3.2.1","django-extensions==3.1.0","django-filter==2.4.0","django-model-utils==4.1.1","django-ranged-fileresponse==0.1.2","django-rest-swagger==2.2.0","django-rq==2.5.1","django-storages==1.12.3","django-user-agents==0.4.0","django==3.2.16","djangorestframework==3.13.1","docker-pycreds==0.4.0","drf-dynamic-fields==0.3.0","drf-flex-fields==0.9.5","drf-generators==0.3.0","drf-yasg==1.20.0","dulwich==0.21.3","everett==3.1.0","executing==1.2.0","expiringdict==1.2.2","fastjsonschema==2.16.3","filelock==3.10.0","fonttools==4.39.0","fqdn==1.5.1","furl==2.1.3","gitdb==4.0.10","gitpython==3.1.31","google-api-core==2.10.0","google-auth-oauthlib==0.4.6","google-auth==2.11.0","google-cloud-appengine-logging==1.1.0","google-cloud-audit-log==0.2.0","google-cloud-core==2.3.2","google-cloud-logging==2.7.2","google-cloud-storage==2.5.0","google-crc32c==1.5.0","google-resumable-media==2.3.3","googleapis-common-protos==1.56.4","grpc-google-iam-v1==0.12.3","grpcio-status==1.48.2","grpcio==1.51.3","htmlmin==0.1.12","idna==3.4","inflection==0.5.1","ipykernel==6.21.3","ipython-genutils==0.2.0","ipython==8.11.0","ipywidgets==8.0.4","isodate==0.6.1","isoduration==20.11.0","itypes==1.2.0","jedi==0.18.2","jinja2==3.1.2","jmespath==0.10.0","joblib==1.2.0","json5==0.9.11","jsonpointer==2.3","jsonschema==3.2.0","jupyter-client==8.0.3","jupyter-console==6.6.3","jupyter-core==5.2.0","jupyter-events==0.6.3","jupyter-server-fileid==0.8.0","jupyter-server-terminals==0.4.4","jupyter-server-ydoc==0.6.1","jupyter-server==2.4.0","jupyter-ydoc==0.2.3","jupyter==1.0.0","jupyterlab-pygments==0.2.2","jupyterlab-server==2.20.0","jupyterlab-widgets==3.0.5","jupyterlab==3.6.1","kiwisolver==1.4.4","label-studio-converter==0.0.48rc0","label-studio-tools==0.0.1","label-studio==1.7.1","labelimg==1.8.6","launchdarkly-server-sdk==7.5.0","lockfile==0.12.2","lxml==4.9.2","markdown==3.4.1","markupsafe==2.1.2","matplotlib-inline==0.1.6","matplotlib==3.7.1","mistune==2.0.5","mpmath==1.3.0","nbclassic==0.5.3","nbclient==0.7.2","nbconvert==7.2.9","nbformat==5.7.3","nest-asyncio==1.5.6","networkx==3.0","nltk==3.6.7","notebook-shim==0.2.2","notebook==6.5.3","numpy==1.24.2","oauthlib==3.2.2","openapi-codec==1.3.2","opencv-python==4.7.0.72","ordered-set==4.0.2","orderedmultidict==1.0.1","packaging==23.0","pafy==0.5.5","pandas==1.3.5","pandocfilters==1.5.0","parso==0.8.3","pathlib2==2.3.7.post1","pathtools==0.1.2","pickleshare==0.7.5","pillow==9.3.0","pip==23.0.1","platformdirs==3.1.1","prometheus-client==0.16.0","prompt-toolkit==3.0.38","proto-plus==1.22.2","protobuf==3.20.3","psutil==5.9.4","psycopg2-binary==2.9.1","pure-eval==0.2.2","pyasn1-modules==0.2.8","pyasn1==0.4.8","pycparser==2.21","pydantic==1.8.2","pygments==2.14.0","pyjwt==2.4.0","pyparsing==3.0.9","pyqt5-qt5==5.15.2","pyqt5-sip==12.11.1","pyqt5==5.15.9","pyrfc3339==1.1","pyrsistent==0.19.3","python-box==6.1.0","python-dateutil==2.8.1","python-json-logger==2.0.4","pytz==2019.3","pywin32==305","pywinpty==2.0.10","pyyaml==6.0","pyzmq==25.0.1","qtconsole==5.4.1","qtpy==2.3.0","redis==4.5.1","regex==2022.10.31","requests-oauthlib==1.3.1","requests-toolbelt==0.10.1","requests==2.27.1","rfc3339-validator==0.1.4","rfc3986-validator==0.1.1","rq==1.10.1","rsa==4.9","ruamel.yaml.clib==0.2.7","ruamel.yaml==0.17.21","rules==2.2","s3transfer==0.3.7","scikit-learn==1.2.2","scipy==1.10.1","seaborn==0.12.2","semantic-version==2.10.0","semver==2.13.0","send2trash==1.8.0","sentry-sdk==1.16.0","setproctitle==1.3.2","setuptools==67.6.0","simplejson==3.18.4","six==1.16.0","smmap==5.0.0","sniffio==1.3.0","soupsieve==2.4","sqlparse==0.4.3","stack-data==0.6.2","sympy==1.11.1","tensorboard-data-server==0.7.0","tensorboard-plugin-wit==1.8.1","tensorboard==2.12.0","terminado==0.17.1","thop==0.1.1.post2209072238","threadpoolctl==3.1.0","tinycss2==1.2.1","tomli==2.0.1","torch==2.0.0","torchaudio==2.0.1","torchvision==0.15.1","tornado==6.2","tqdm==4.65.0","traitlets==5.9.0","typing-extensions==4.5.0","ua-parser==0.16.1","ujson==5.7.0","uri-template==1.2.0","uritemplate==4.1.1","urllib3==1.26.15","user-agents==2.2.0","wandb==0.14.0","wcwidth==0.2.6","webcolors==1.12","webencodings==0.5.1","websocket-client==1.3.3","werkzeug==2.2.3","wheel==0.38.4","widgetsnbextension==4.0.5","wrapt==1.15.0","wurlitzer==3.0.3","xmljson==0.2.0","y-py==0.5.9","youtube-dl==2020.12.2","ypy-websocket==0.8.2"],"local_timestamp":1679134747013},"type":"ws_msg"}
{"payload":{"env_details":{"command":["train.py","--data","C:/yolov5-master/data/custom_dataset.yaml","--cfg","C:/yolov5-master/models/yolov5x.yaml","--weights","yolov5x.pt"],"env":null,"hostname":"TalCo","ip":"10.100.102.242","machine":"AMD64","os":"Windows-10-10.0.22621-SP0","os_release":"10","os_type":"Windows","pid":11620,"processor":"AMD64 Family 25 Model 80 Stepping 0, AuthenticAMD","python_exe":"C:\\Users\\talco\\AppData\\Local\\Microsoft\\WindowsApps\\PythonSoftwareFoundation.Python.3.10_qbz5n2kfra8p0\\python.exe","python_version":"3.10.10","python_version_verbose":"3.10.10 (tags/v3.10.10:aad5f6a, Feb  7 2023, 17:20:36) [MSC v.1929 64 bit (AMD64)]","user":"talco"},"local_timestamp":1679134747022},"type":"ws_msg"}
{"payload":{"local_timestamp":1679134747972,"param":{"paramName":"data","paramValue":"C:/yolov5-master/data/custom_dataset.yaml","source":"cli","step":null}},"type":"parameter_msg"}
{"payload":{"local_timestamp":1679134747974,"param":{"paramName":"cfg","paramValue":"C:/yolov5-master/models/yolov5x.yaml","source":"cli","step":null}},"type":"parameter_msg"}
{"payload":{"local_timestamp":1679134747974,"param":{"paramName":"weights","paramValue":"yolov5x.pt","source":"cli","step":null}},"type":"parameter_msg"}
{"payload":{"local_timestamp":1679134747974,"metric":{"epoch":null,"metricName":"sys.cpu.percent.avg","metricValue":3.725,"step":null}},"type":"metric_msg"}
{"payload":{"local_timestamp":1679134747974,"metric":{"epoch":null,"metricName":"sys.cpu.percent.01","metricValue":2.4,"step":null}},"type":"metric_msg"}
{"payload":{"local_timestamp":1679134747974,"metric":{"epoch":null,"metricName":"sys.cpu.percent.02","metricValue":0.3,"step":null}},"type":"metric_msg"}
{"payload":{"local_timestamp":1679134747974,"metric":{"epoch":null,"metricName":"sys.cpu.percent.03","metricValue":0.5,"step":null}},"type":"metric_msg"}
{"payload":{"local_timestamp":1679134747974,"metric":{"epoch":null,"metricName":"sys.cpu.percent.04","metricValue":0.5,"step":null}},"type":"metric_msg"}
{"payload":{"local_timestamp":1679134747974,"metric":{"epoch":null,"metricName":"sys.cpu.percent.05","metricValue":12.1,"step":null}},"type":"metric_msg"}
{"payload":{"local_timestamp":1679134747974,"metric":{"epoch":null,"metricName":"sys.cpu.percent.06","metricValue":7.0,"step":null}},"type":"metric_msg"}
{"payload":{"local_timestamp":1679134747974,"metric":{"epoch":null,"metricName":"sys.cpu.percent.07","metricValue":7.1,"step":null}},"type":"metric_msg"}
{"payload":{"local_timestamp":1679134747974,"metric":{"epoch":null,"metricName":"sys.cpu.percent.08","metricValue":6.0,"step":null}},"type":"metric_msg"}
{"payload":{"local_timestamp":1679134747974,"metric":{"epoch":null,"metricName":"sys.cpu.percent.09","metricValue":2.0,"step":null}},"type":"metric_msg"}
{"payload":{"local_timestamp":1679134747974,"metric":{"epoch":null,"metricName":"sys.cpu.percent.10","metricValue":1.1,"step":null}},"type":"metric_msg"}
{"payload":{"local_timestamp":1679134747974,"metric":{"epoch":null,"metricName":"sys.cpu.percent.11","metricValue":0.7,"step":null}},"type":"metric_msg"}
{"payload":{"local_timestamp":1679134747974,"metric":{"epoch":null,"metricName":"sys.cpu.percent.12","metricValue":0.6,"step":null}},"type":"metric_msg"}
{"payload":{"local_timestamp":1679134747974,"metric":{"epoch":null,"metricName":"sys.cpu.percent.13","metricValue":8.2,"step":null}},"type":"metric_msg"}
{"payload":{"local_timestamp":1679134747974,"metric":{"epoch":null,"metricName":"sys.cpu.percent.14","metricValue":8.3,"step":null}},"type":"metric_msg"}
{"payload":{"local_timestamp":1679134747974,"metric":{"epoch":null,"metricName":"sys.cpu.percent.15","metricValue":1.7,"step":null}},"type":"metric_msg"}
{"payload":{"local_timestamp":1679134747975,"metric":{"epoch":null,"metricName":"sys.cpu.percent.16","metricValue":1.1,"step":null}},"type":"metric_msg"}
{"payload":{"local_timestamp":1679134747975,"metric":{"epoch":null,"metricName":"sys.load.avg","metricValue":0.0,"step":null}},"type":"metric_msg"}
{"payload":{"local_timestamp":1679134747975,"metric":{"epoch":null,"metricName":"sys.ram.total","metricValue":14870306816,"step":null}},"type":"metric_msg"}
{"payload":{"local_timestamp":1679134747975,"metric":{"epoch":null,"metricName":"sys.ram.used","metricValue":11820466176,"step":null}},"type":"metric_msg"}
{"payload":{"local_timestamp":1679134747975,"log_other":{"key":"offline_experiment","val":true}},"type":"ws_msg"}
{"payload":{"additional_params":{"assetId":"fd00caea96014ab49669eb1ce36ae2c5","context":null,"extension":"yaml","fileName":"custom_dataset.yaml","overwrite":false,"runId":null,"step":null},"clean":true,"file_path":"tmpfphfxpji","local_timestamp":1679134747985,"metadata":{"type":"data-config-file"},"upload_type":"asset"},"type":"file_upload"}
{"payload":{"local_timestamp":1679134747990,"stderr":true,"stdout":"\nDataset not found , missing paths ['C:\\\\datasets\\\\VOC\\\\custom_dataset\\\\val']\n"},"type":"ws_msg"}
{"payload":{"local_timestamp":1679134747996,"stderr":true,"stdout":"Downloading https://github.com/ultralytics/yolov5/releases/download/v1.0/VOCtrainval_11-May-2012.zip to C:\\datasets\\VOC\\images\\VOCtrainval_11-May-2012.zip...\n"},"type":"ws_msg"}
{"payload":{"local_timestamp":1679134747998,"stderr":true,"stdout":"Downloading https://github.com/ultralytics/yolov5/releases/download/v1.0/VOCtest_06-Nov-2007.zip to C:\\datasets\\VOC\\images\\VOCtest_06-Nov-2007.zip...\n"},"type":"ws_msg"}
{"payload":{"local_timestamp":1679134747998,"stderr":true,"stdout":"Downloading https://github.com/ultralytics/yolov5/releases/download/v1.0/VOCtrainval_06-Nov-2007.zip to C:\\datasets\\VOC\\images\\VOCtrainval_06-Nov-2007.zip...\n"},"type":"ws_msg"}
{"payload":{"local_timestamp":1679134748852,"stderr":true,"stdout":"Unzipping C:\\datasets\\VOC\\images\\VOCtrainval_06-Nov-2007.zip...\n"},"type":"ws_msg"}
{"payload":{"local_timestamp":1679134748928,"stderr":true,"stdout":"Unzipping C:\\datasets\\VOC\\images\\VOCtest_06-Nov-2007.zip...\n"},"type":"ws_msg"}
{"payload":{"local_timestamp":1679134748992,"stderr":true,"stdout":"Unzipping C:\\datasets\\VOC\\images\\VOCtrainval_11-May-2012.zip...\n"},"type":"ws_msg"}
{"payload":{"local_timestamp":1679134808516,"metric":{"epoch":null,"metricName":"sys.cpu.percent.avg","metricValue":3.7062500000000003,"step":null}},"type":"metric_msg"}
{"payload":{"local_timestamp":1679134808516,"metric":{"epoch":null,"metricName":"sys.cpu.percent.01","metricValue":8.5,"step":null}},"type":"metric_msg"}
{"payload":{"local_timestamp":1679134808516,"metric":{"epoch":null,"metricName":"sys.cpu.percent.02","metricValue":1.2,"step":null}},"type":"metric_msg"}
{"payload":{"local_timestamp":1679134808516,"metric":{"epoch":null,"metricName":"sys.cpu.percent.03","metricValue":1.0,"step":null}},"type":"metric_msg"}
{"payload":{"local_timestamp":1679134808516,"metric":{"epoch":null,"metricName":"sys.cpu.percent.04","metricValue":0.8,"step":null}},"type":"metric_msg"}
{"payload":{"local_timestamp":1679134808516,"metric":{"epoch":null,"metricName":"sys.cpu.percent.05","metricValue":8.5,"step":null}},"type":"metric_msg"}
{"payload":{"local_timestamp":1679134808516,"metric":{"epoch":null,"metricName":"sys.cpu.percent.06","metricValue":7.0,"step":null}},"type":"metric_msg"}
{"payload":{"local_timestamp":1679134808516,"metric":{"epoch":null,"metricName":"sys.cpu.percent.07","metricValue":1.8,"step":null}},"type":"metric_msg"}
{"payload":{"local_timestamp":1679134808516,"metric":{"epoch":null,"metricName":"sys.cpu.percent.08","metricValue":1.6,"step":null}},"type":"metric_msg"}
{"payload":{"local_timestamp":1679134808516,"metric":{"epoch":null,"metricName":"sys.cpu.percent.09","metricValue":3.0,"step":null}},"type":"metric_msg"}
{"payload":{"local_timestamp":1679134808516,"metric":{"epoch":null,"metricName":"sys.cpu.percent.10","metricValue":3.3,"step":null}},"type":"metric_msg"}
{"payload":{"local_timestamp":1679134808516,"metric":{"epoch":null,"metricName":"sys.cpu.percent.11","metricValue":1.6,"step":null}},"type":"metric_msg"}
{"payload":{"local_timestamp":1679134808516,"metric":{"epoch":null,"metricName":"sys.cpu.percent.12","metricValue":1.1,"step":null}},"type":"metric_msg"}
{"payload":{"local_timestamp":1679134808516,"metric":{"epoch":null,"metricName":"sys.cpu.percent.13","metricValue":7.0,"step":null}},"type":"metric_msg"}
{"payload":{"local_timestamp":1679134808516,"metric":{"epoch":null,"metricName":"sys.cpu.percent.14","metricValue":8.3,"step":null}},"type":"metric_msg"}
{"payload":{"local_timestamp":1679134808516,"metric":{"epoch":null,"metricName":"sys.cpu.percent.15","metricValue":2.6,"step":null}},"type":"metric_msg"}
{"payload":{"local_timestamp":1679134808516,"metric":{"epoch":null,"metricName":"sys.cpu.percent.16","metricValue":2.0,"step":null}},"type":"metric_msg"}
{"payload":{"local_timestamp":1679134808516,"metric":{"epoch":null,"metricName":"sys.load.avg","metricValue":0.0,"step":null}},"type":"metric_msg"}
{"payload":{"local_timestamp":1679134808516,"metric":{"epoch":null,"metricName":"sys.ram.total","metricValue":14870306816,"step":null}},"type":"metric_msg"}
{"payload":{"local_timestamp":1679134808516,"metric":{"epoch":null,"metricName":"sys.ram.used","metricValue":12088270848,"step":null}},"type":"metric_msg"}
{"payload":{"local_timestamp":1679134821209,"stderr":true,"stdout":"Traceback (most recent call last):\n"},"type":"ws_msg"}
{"payload":{"local_timestamp":1679134821210,"stderr":true,"stdout":"  File \"C:\\yolov5-master\\train.py\", line 640, in <module>\n    main(opt)\n"},"type":"ws_msg"}
{"payload":{"local_timestamp":1679134821210,"stderr":true,"stdout":"  File \"C:\\yolov5-master\\train.py\", line 529, in main\n    train(opt.hyp, opt, device, callbacks)\n"},"type":"ws_msg"}
{"payload":{"local_timestamp":1679134821210,"stderr":true,"stdout":"  File \"C:\\yolov5-master\\train.py\", line 96, in train\n    loggers = Loggers(save_dir, weights, opt, hyp, LOGGER)  # loggers instance\n"},"type":"ws_msg"}
{"payload":{"local_timestamp":1679134821210,"stderr":true,"stdout":"  File \"C:\\yolov5-master\\utils\\loggers\\__init__.py\", line 129, in __init__\n    self.comet_logger = CometLogger(self.opt, self.hyp)\n"},"type":"ws_msg"}
{"payload":{"local_timestamp":1679134821210,"stderr":true,"stdout":"  File \"C:\\yolov5-master\\utils\\loggers\\comet\\__init__.py\", line 97, in __init__\n    self.data_dict = self.check_dataset(self.opt.data)\n"},"type":"ws_msg"}
{"payload":{"local_timestamp":1679134821211,"stderr":true,"stdout":"  File \"C:\\yolov5-master\\utils\\loggers\\comet\\__init__.py\", line 242, in check_dataset\n    return check_dataset(data_file)\n"},"type":"ws_msg"}
{"payload":{"local_timestamp":1679134821211,"stderr":true,"stdout":"  File \"C:\\yolov5-master\\utils\\general.py\", line 564, in check_dataset\n    r = exec(s, {'yaml': data})  # return None\n"},"type":"ws_msg"}
{"payload":{"local_timestamp":1679134821211,"stderr":true,"stdout":"  File \"<string>\", line 49, in <module>\n"},"type":"ws_msg"}
{"payload":{"local_timestamp":1679134821211,"stderr":true,"stdout":"  File \"C:\\Users\\talco\\AppData\\Local\\Packages\\PythonSoftwareFoundation.Python.3.10_qbz5n2kfra8p0\\LocalCache\\local-packages\\Python310\\site-packages\\tqdm\\std.py\", line 559, in __new__\n    cls.monitor = TMonitor(cls, cls.monitor_interval)\n"},"type":"ws_msg"}
{"payload":{"local_timestamp":1679134821211,"stderr":true,"stdout":"  File \"C:\\Users\\talco\\AppData\\Local\\Packages\\PythonSoftwareFoundation.Python.3.10_qbz5n2kfra8p0\\LocalCache\\local-packages\\Python310\\site-packages\\tqdm\\_monitor.py\", line 39, in __init__\n    self.start()\n"},"type":"ws_msg"}
{"payload":{"local_timestamp":1679134821211,"stderr":true,"stdout":"  File \"C:\\Program Files\\WindowsApps\\PythonSoftwareFoundation.Python.3.10_3.10.2800.0_x64__qbz5n2kfra8p0\\lib\\threading.py\", line 940, in start\n    self._started.wait()\n"},"type":"ws_msg"}
{"payload":{"local_timestamp":1679134821211,"stderr":true,"stdout":"  File \"C:\\Program Files\\WindowsApps\\PythonSoftwareFoundation.Python.3.10_3.10.2800.0_x64__qbz5n2kfra8p0\\lib\\threading.py\", line 607, in wait\n    signaled = self._cond.wait(timeout)\n"},"type":"ws_msg"}
{"payload":{"local_timestamp":1679134821211,"stderr":true,"stdout":"  File \"C:\\Program Files\\WindowsApps\\PythonSoftwareFoundation.Python.3.10_3.10.2800.0_x64__qbz5n2kfra8p0\\lib\\threading.py\", line 320, in wait\n    waiter.acquire()\n"},"type":"ws_msg"}
{"payload":{"local_timestamp":1679134821211,"stderr":true,"stdout":"KeyboardInterrupt\n"},"type":"ws_msg"}
{"payload":{"local_timestamp":1679134821212,"stderr":true,"stdout":"COMET INFO: ---------------------------------------------------------------------------------------\n"},"type":"ws_msg"}
{"payload":{"local_timestamp":1679134821212,"stderr":true,"stdout":"COMET INFO: Comet.ml OfflineExperiment Summary\n"},"type":"ws_msg"}
{"payload":{"local_timestamp":1679134821212,"stderr":true,"stdout":"COMET INFO: ---------------------------------------------------------------------------------------\n"},"type":"ws_msg"}
{"payload":{"local_timestamp":1679134821212,"stderr":true,"stdout":"COMET INFO:   Data:\n"},"type":"ws_msg"}
{"payload":{"local_timestamp":1679134821212,"stderr":true,"stdout":"COMET INFO:     display_summary_level : 1\n"},"type":"ws_msg"}
{"payload":{"local_timestamp":1679134821213,"stderr":true,"stdout":"COMET INFO:     url                   : [OfflineExperiment will get URL after upload]\n"},"type":"ws_msg"}
{"payload":{"local_timestamp":1679134821213,"stderr":true,"stdout":"COMET INFO:   Others:\n"},"type":"ws_msg"}
{"payload":{"local_timestamp":1679134821213,"stderr":true,"stdout":"COMET INFO:     offline_experiment : True\n"},"type":"ws_msg"}
{"payload":{"local_timestamp":1679134821213,"stderr":true,"stdout":"COMET INFO:   Uploads:\n"},"type":"ws_msg"}
{"payload":{"local_timestamp":1679134821213,"stderr":true,"stdout":"COMET INFO:     asset               : 1 (2.87 KB)\n"},"type":"ws_msg"}
{"payload":{"local_timestamp":1679134821214,"stderr":true,"stdout":"COMET INFO:     environment details : 1\n"},"type":"ws_msg"}
{"payload":{"local_timestamp":1679134821214,"stderr":true,"stdout":"COMET INFO:     installed packages  : 1\n"},"type":"ws_msg"}
{"payload":{"local_timestamp":1679134821214,"stderr":true,"stdout":"COMET INFO: \n"},"type":"ws_msg"}
{"payload":{"local_timestamp":1679134821214,"stderr":true,"stdout":"COMET WARNING: Experiment Name is generated at upload time for Offline Experiments unless set explicitly with Experiment.set_name\n"},"type":"ws_msg"}
{"payload":{"local_timestamp":1679134821214,"stderr":true,"stdout":"COMET WARNING: Comet has disabled auto-logging functionality as it has been imported after the following ML modules: tensorboard, torch. Metrics and hyperparameters can still be logged using Experiment.log_metrics() and Experiment.log_parameters()\n"},"type":"ws_msg"}
{"payload":{"local_timestamp":1679134821214,"log_other":{"key":"sys.already_imported_modules","val":"[\"tensorboard\", \"torch\"]"}},"type":"ws_msg"}
